-- phpMyAdmin SQL Dump
-- version 4.8.5
-- https://www.phpmyadmin.net/
--
-- Хост: 127.0.0.1:3306
-- Время создания: Июн 10 2021 г., 19:26
-- Версия сервера: 8.0.15
-- Версия PHP: 7.3.2

SET SQL_MODE = "NO_AUTO_VALUE_ON_ZERO";
SET AUTOCOMMIT = 0;
START TRANSACTION;
SET time_zone = "+00:00";


/*!40101 SET @OLD_CHARACTER_SET_CLIENT=@@CHARACTER_SET_CLIENT */;
/*!40101 SET @OLD_CHARACTER_SET_RESULTS=@@CHARACTER_SET_RESULTS */;
/*!40101 SET @OLD_COLLATION_CONNECTION=@@COLLATION_CONNECTION */;
/*!40101 SET NAMES utf8mb4 */;

--
-- База данных: `plants_ssau`
--

-- --------------------------------------------------------

--
-- Структура таблицы `failed_jobs`
--

CREATE TABLE `failed_jobs` (
  `id` bigint(20) UNSIGNED NOT NULL,
  `connection` text COLLATE utf8mb4_unicode_ci NOT NULL,
  `queue` text COLLATE utf8mb4_unicode_ci NOT NULL,
  `payload` longtext COLLATE utf8mb4_unicode_ci NOT NULL,
  `exception` longtext COLLATE utf8mb4_unicode_ci NOT NULL,
  `failed_at` timestamp NOT NULL DEFAULT CURRENT_TIMESTAMP
) ENGINE=InnoDB DEFAULT CHARSET=utf8mb4 COLLATE=utf8mb4_unicode_ci;

-- --------------------------------------------------------

--
-- Структура таблицы `migrations`
--

CREATE TABLE `migrations` (
  `id` int(10) UNSIGNED NOT NULL,
  `migration` varchar(255) COLLATE utf8mb4_unicode_ci NOT NULL,
  `batch` int(11) NOT NULL
) ENGINE=InnoDB DEFAULT CHARSET=utf8mb4 COLLATE=utf8mb4_unicode_ci;

--
-- Дамп данных таблицы `migrations`
--

INSERT INTO `migrations` (`id`, `migration`, `batch`) VALUES
(150, '2014_10_12_000000_create_users_table', 1),
(151, '2014_10_12_100000_create_password_resets_table', 1),
(152, '2019_08_19_000000_create_failed_jobs_table', 1),
(153, '2020_02_10_183633_create_museum_categories_table', 1),
(154, '2020_02_10_184045_create_museum_posts_table', 1),
(155, '2020_11_15_190109_create_museum_images_table', 1),
(158, '2021_04_25_174327_create_museum_news_table', 2),
(159, '2021_05_15_214801_add_count_views_to_posts_table', 3),
(160, '2021_05_15_215248_create_user_history_table', 4),
(161, '2021_05_15_215616_create_user_favorites_table', 4),
(162, '2021_05_21_232204_add_news_id_to_user_favorites_table', 5),
(164, '2021_05_22_000018_create_user_reading_news_table', 6),
(167, '2021_05_23_115918_create_museum_news_info_table', 7),
(168, '2021_05_23_120243_create_museum_news_comment_table', 7),
(169, '2021_05_23_131810_add_username_to_museum_news_comment_table', 8),
(170, '2021_05_24_100522_add_to_users_like', 9);

-- --------------------------------------------------------

--
-- Структура таблицы `museum_categories`
--

CREATE TABLE `museum_categories` (
  `id` int(10) UNSIGNED NOT NULL,
  `parent_id` int(10) UNSIGNED NOT NULL DEFAULT '0',
  `slug` varchar(255) COLLATE utf8mb4_unicode_ci NOT NULL,
  `title` varchar(255) COLLATE utf8mb4_unicode_ci NOT NULL,
  `description` text COLLATE utf8mb4_unicode_ci,
  `created_at` timestamp NULL DEFAULT NULL,
  `updated_at` timestamp NULL DEFAULT NULL,
  `deleted_at` timestamp NULL DEFAULT NULL
) ENGINE=InnoDB DEFAULT CHARSET=utf8mb4 COLLATE=utf8mb4_unicode_ci;

--
-- Дамп данных таблицы `museum_categories`
--

INSERT INTO `museum_categories` (`id`, `parent_id`, `slug`, `title`, `description`, `created_at`, `updated_at`, `deleted_at`) VALUES
(1, 0, 'bez-kategorii', 'Без категории', NULL, NULL, NULL, NULL),
(2, 1, 'kategoriya-1', 'Категория #1', NULL, NULL, NULL, NULL),
(3, 1, 'kategoriya-2', 'Категория #2', NULL, NULL, NULL, NULL),
(4, 1, 'kategoriya-3', 'Категория #3', NULL, NULL, NULL, NULL),
(5, 1, 'kategoriya-4', 'Категория #4', NULL, NULL, NULL, NULL),
(6, 2, 'kategoriya-5', 'Категория #5', NULL, NULL, NULL, NULL),
(7, 3, 'kategoriya-6', 'Категория #6', NULL, NULL, NULL, NULL),
(8, 4, 'kategoriya-7', 'Категория #7', NULL, NULL, NULL, NULL),
(9, 3, 'kategoriya-8', 'Категория #8', NULL, NULL, NULL, NULL),
(10, 2, 'kategoriya-9', 'Категория #9', NULL, NULL, NULL, NULL),
(11, 3, 'kategoriya-10', 'Категория #10', NULL, NULL, NULL, NULL),
(12, 1, 'kategoriya-11', 'Категория #11 тест5', NULL, NULL, '2021-02-14 16:35:06', NULL),
(13, 1, 'fabaceae', 'Fabaceae', 'Бобо́вые, или Мотыльковые (лат. Fabáceae, или Leguminósae, или Papilionaceae), — семейство двудольных растений порядка Бобовоцветные.', '2021-03-08 13:54:46', '2021-03-08 13:54:46', NULL),
(14, 0, 'brassicaceae', 'Brassicaceae', 'Капу́стные, или Капу́стовые[2], или Бра́ссиковые[2] (лат. Brassicáceae), также Крестоцве́тные (Crucíferae) — семейство двудольных растений отдела Покрытосеменные (Цветковые), включающее в себя однолетние и многолетние травы, изредка полукустарники или кустарники.\r\n\r\nОбъём семейства — 372 рода и более 4 тысяч видов[3]. Отличительной особенностью семейства является обилие двулетних монокарпичных (то есть цветущих лишь на последнем году жизни) трав.\r\n\r\nКапуста является важнейшим для человека представителем этого семейства.', '2021-03-08 14:01:57', '2021-03-08 14:01:57', NULL),
(15, 1, 'asteraceae', 'Asteraceae', 'А́стровые (лат. Asteráceae), или Сложноцве́тные (лат. Compósitae) — одно из самых больших семейств двудольных растений; включает 32 913 видов, объединённых в 1911 родов[3], распространённых по всему земному шару и представленных во всех климатических зонах.', '2021-03-08 14:02:17', '2021-03-08 14:02:17', NULL);

-- --------------------------------------------------------

--
-- Структура таблицы `museum_images`
--

CREATE TABLE `museum_images` (
  `id` bigint(20) UNSIGNED NOT NULL,
  `post_id` bigint(20) UNSIGNED NOT NULL,
  `name` varchar(255) COLLATE utf8mb4_unicode_ci NOT NULL,
  `alias` varchar(255) COLLATE utf8mb4_unicode_ci NOT NULL,
  `created_at` timestamp NULL DEFAULT NULL,
  `updated_at` timestamp NULL DEFAULT NULL
) ENGINE=InnoDB DEFAULT CHARSET=utf8mb4 COLLATE=utf8mb4_unicode_ci;

--
-- Дамп данных таблицы `museum_images`
--

INSERT INTO `museum_images` (`id`, `post_id`, `name`, `alias`, `created_at`, `updated_at`) VALUES
(35, 355, '2021-05-09_12_16_38_775719_QoEev49M01_Kosaciec_szczecinkowaty_Iris_setosa.jpg', '/storage/images/posts/355/2021-05-09_12_16_38_776241_A7p2Ush21T_Kosaciec_szczecinkowaty_Iris_setosa.jpg', '2021-05-09 08:16:39', '2021-05-09 08:16:39'),
(36, 355, '2021-05-10_11_56_18_141366_XfvrIGzBgt_93907_9a484590.jpg', '/storage/images/posts/355/2021-05-10_11_56_18_580132_vqw1rgqJeC_93907_9a484590.jpg', '2021-05-10 07:56:19', '2021-05-10 07:56:19'),
(37, 355, '2021-05-10_11_57_27_949583_DZ48V5I1uA_Astragalus_austriacus_(Österreich-Tragant)_IMG_8373.JPG', '/storage/images/posts/355/2021-05-10_11_57_27_376307_JhLlUjRxm5_Astragalus_austriacus_(Österreich-Tragant)_IMG_8373.JPG', '2021-05-10 07:57:27', '2021-05-10 07:57:27'),
(38, 355, '2021-05-12_00_15_53_121844_CHhOajEc2l_4ig4QTsU32o.jpg', '/storage/images/posts/355/2021-05-12_00_15_53_131187_Hyc8fqhCqh_4ig4QTsU32o.jpg', '2021-05-11 20:15:54', '2021-05-11 20:15:54'),
(39, 248, '2021-05-13_12_28_48_965702_DNSDhQU88o_Astragalus_austriacus_(Österreich-Tragant)_IMG_8373.JPG', '/storage/images/posts/248/2021-05-13_12_28_48_345573_VipmikHqBG_Astragalus_austriacus_(Österreich-Tragant)_IMG_8373.JPG', '2021-05-13 08:28:48', '2021-05-13 08:28:48'),
(87, 548, '2021-05-26_12_29_20_404011_kZqyAgX2Dm_Gagea_lutea_2.jpg', '/storage/images/posts/548/2021-05-26_12_29_20_178041_8oakmgF4vN_Gagea_lutea_2.jpg', '2021-05-26 08:29:20', '2021-05-26 08:29:20'),
(88, 544, '2021-05-26_12_30_24_582335_7uTxKrZ4IH_02.jpg', '/storage/images/posts/544/2021-05-26_12_30_24_260622_hH6GArkVcS_02.jpg', '2021-05-26 08:30:24', '2021-05-26 08:30:24'),
(89, 273, '2021-05-26_12_32_11_566448_d3JLlyndgK_тюлпан южный.jpg', '/storage/images/posts/273/2021-05-26_12_32_11_921925_aDQEaIZ3oK_тюлпан южный.jpg', '2021-05-26 08:32:11', '2021-05-26 08:32:11'),
(104, 272, '2021-06-09_12_30_07_872047_IAHQKGU1f7_02.jpg', '/storage/images/posts/272/2021-06-09_12_30_07_800938_tOBj0H72L2_02.jpg', '2021-06-09 08:30:07', '2021-06-09 08:30:07');

-- --------------------------------------------------------

--
-- Структура таблицы `museum_news`
--

CREATE TABLE `museum_news` (
  `id` bigint(20) UNSIGNED NOT NULL,
  `user_id` bigint(20) UNSIGNED NOT NULL,
  `title` varchar(255) COLLATE utf8mb4_unicode_ci NOT NULL,
  `content_raw` text CHARACTER SET utf8mb4 COLLATE utf8mb4_unicode_ci,
  `content_html` text CHARACTER SET utf8mb4 COLLATE utf8mb4_unicode_ci,
  `is_published` tinyint(1) NOT NULL DEFAULT '0',
  `created_at` timestamp NULL DEFAULT NULL,
  `updated_at` timestamp NULL DEFAULT NULL,
  `deleted_at` timestamp NULL DEFAULT NULL
) ENGINE=InnoDB DEFAULT CHARSET=utf8mb4 COLLATE=utf8mb4_unicode_ci;

--
-- Дамп данных таблицы `museum_news`
--

INSERT INTO `museum_news` (`id`, `user_id`, `title`, `content_raw`, `content_html`, `is_published`, `created_at`, `updated_at`, `deleted_at`) VALUES
(11, 3, 'Пройдут выставки!', 'Новая новость, тест новости, содержание, тут оооооооооооооооочень очень много текста.', NULL, 1, '2021-05-01 19:36:26', '2021-05-26 10:50:46', NULL),
(12, 3, 'Новая новость', 'Lorem Ipsum - это текст-\"рыба\", часто используемый в печати и вэб-дизайне. Lorem Ipsum является стандартной \"рыбой\" для текстов на латинице с начала XVI века. В то время некий безымянный печатник создал большую коллекцию размеров и форм шрифтов, используя Lorem Ipsum для распечатки образцов. Lorem Ipsum не только успешно пережил без заметных изменений пять веков, но и перешагнул в электронный дизайн. Его популяризации в новое время послужили публикация листов Letraset с образцами Lorem Ipsum в 60-х годах и, в более недавнее время, программы электронной вёрстки типа Aldus PageMaker, в шаблонах которых используется Lorem Ipsum.', NULL, 1, '2021-05-20 19:24:53', '2021-05-20 19:24:53', NULL),
(13, 3, 'Lorem!!!', 'Lorem Ipsum - это текст-\"рыба\", часто используемый в печати и вэб-дизайне. Lorem Ipsum является стандартной \"рыбой\" для текстов на латинице с начала XVI века. В то время некий безымянный печатник создал большую коллекцию размеров и форм шрифтов, используя Lorem Ipsum для распечатки образцов. Lorem Ipsum не только успешно пережил без заметных изменений пять веков, но и перешагнул в электронный дизайн. Его популяризации в новое время послужили публикация листов Letraset с образцами Lorem Ipsum в 60-х годах и, в более недавнее время, программы электронной вёрстки типа Aldus PageMaker, в шаблонах которых используется Lorem Ipsum.', NULL, 1, '2021-05-21 18:22:39', '2021-05-21 18:22:39', NULL),
(15, 3, 'Letraset с образцами', 'Letraset с образцами Lorem Ipsum в 60-х годах и, в более недавнее время, программы электронной вёрстки типа Aldus PageMaker, в шаблонах которых используется Lorem Ipsum.\n\n\nContet - это содержимое , наполненное какой-либо информацией', NULL, 1, '2021-05-21 18:23:40', '2021-05-21 18:23:40', NULL),
(21, 3, 'Категория 6661', 'fdsfsd', NULL, 1, '2021-06-10 09:26:55', '2021-06-10 09:26:55', NULL);

-- --------------------------------------------------------

--
-- Структура таблицы `museum_news_comments`
--

CREATE TABLE `museum_news_comments` (
  `id` bigint(20) UNSIGNED NOT NULL,
  `news_info_id` bigint(20) UNSIGNED NOT NULL,
  `news_id` bigint(20) UNSIGNED NOT NULL,
  `reply_id` bigint(20) DEFAULT NULL,
  `user_id` bigint(20) DEFAULT NULL,
  `comment` text COLLATE utf8mb4_unicode_ci,
  `created_at` timestamp NULL DEFAULT NULL,
  `updated_at` timestamp NULL DEFAULT NULL,
  `username` varchar(255) COLLATE utf8mb4_unicode_ci NOT NULL
) ENGINE=InnoDB DEFAULT CHARSET=utf8mb4 COLLATE=utf8mb4_unicode_ci;

--
-- Дамп данных таблицы `museum_news_comments`
--

INSERT INTO `museum_news_comments` (`id`, `news_info_id`, `news_id`, `reply_id`, `user_id`, `comment`, `created_at`, `updated_at`, `username`) VALUES
(18, 5, 15, NULL, 3, 'Интересные новости', '2021-05-24 08:58:35', '2021-05-24 08:58:35', 'andrjuxa97'),
(19, 5, 15, NULL, 3, 'Класс, мне понравилось!', '2021-05-24 09:10:47', '2021-05-24 09:10:47', 'andrjuxa97'),
(20, 5, 15, 19, 3, 'andrjuxa97, Cool!', '2021-05-24 09:10:58', '2021-05-24 09:10:58', 'andrjuxa97'),
(26, 6, 21, NULL, 3, 'dsds', '2021-06-10 09:28:02', '2021-06-10 09:28:02', 'andrjuxa97');

-- --------------------------------------------------------

--
-- Структура таблицы `museum_news_infos`
--

CREATE TABLE `museum_news_infos` (
  `id` bigint(20) UNSIGNED NOT NULL,
  `news_id` bigint(20) UNSIGNED NOT NULL,
  `likes` bigint(20) NOT NULL DEFAULT '0',
  `created_at` timestamp NULL DEFAULT NULL,
  `updated_at` timestamp NULL DEFAULT NULL
) ENGINE=InnoDB DEFAULT CHARSET=utf8mb4 COLLATE=utf8mb4_unicode_ci;

--
-- Дамп данных таблицы `museum_news_infos`
--

INSERT INTO `museum_news_infos` (`id`, `news_id`, `likes`, `created_at`, `updated_at`) VALUES
(5, 15, 2, '2021-05-23 20:00:00', '2021-05-23 20:00:00'),
(6, 21, 1, '2021-06-10 09:26:55', '2021-06-10 09:26:55');

-- --------------------------------------------------------

--
-- Структура таблицы `museum_posts`
--

CREATE TABLE `museum_posts` (
  `id` bigint(20) UNSIGNED NOT NULL,
  `category_id` int(10) UNSIGNED NOT NULL,
  `user_id` bigint(20) UNSIGNED NOT NULL,
  `inventory_number` bigint(20) DEFAULT NULL,
  `coordinates` json DEFAULT NULL,
  `is_published` tinyint(1) NOT NULL DEFAULT '0',
  `published_at` timestamp NULL DEFAULT NULL,
  `collection_date` timestamp NULL DEFAULT NULL,
  `barcode` bigint(20) DEFAULT NULL,
  `adopted_name` varchar(550) COLLATE utf8mb4_unicode_ci DEFAULT NULL,
  `russian_name` varchar(350) COLLATE utf8mb4_unicode_ci DEFAULT NULL,
  `label_text` varchar(350) COLLATE utf8mb4_unicode_ci DEFAULT NULL,
  `accuracy` int(11) DEFAULT NULL,
  `collectors` varchar(255) COLLATE utf8mb4_unicode_ci DEFAULT NULL,
  `determination` varchar(255) COLLATE utf8mb4_unicode_ci DEFAULT NULL,
  `environmental_status` double(8,2) DEFAULT NULL,
  `label_name` varchar(550) COLLATE utf8mb4_unicode_ci DEFAULT NULL,
  `created_at` timestamp NULL DEFAULT NULL,
  `updated_at` timestamp NULL DEFAULT NULL,
  `deleted_at` timestamp NULL DEFAULT NULL,
  `count_views` bigint(20) NOT NULL DEFAULT '0'
) ENGINE=InnoDB DEFAULT CHARSET=utf8mb4 COLLATE=utf8mb4_unicode_ci;

--
-- Дамп данных таблицы `museum_posts`
--

INSERT INTO `museum_posts` (`id`, `category_id`, `user_id`, `inventory_number`, `coordinates`, `is_published`, `published_at`, `collection_date`, `barcode`, `adopted_name`, `russian_name`, `label_text`, `accuracy`, `collectors`, `determination`, `environmental_status`, `label_name`, `created_at`, `updated_at`, `deleted_at`, `count_views`) VALUES
(1, 1, 2, 98807, '\"171986, Новгородская область, город Наро-Фоминск, пер. Ладыгина, 77\"', 0, NULL, '2019-09-25 21:37:04', NULL, NULL, NULL, NULL, NULL, NULL, NULL, NULL, NULL, '2020-11-30 12:14:36', '2020-11-30 12:14:36', NULL, 0),
(2, 7, 2, 71398, '\"175084, Костромская область, город Орехово-Зуево, въезд Бухарестская, 83\"', 1, '2021-01-21 06:04:12', '2020-12-30 16:58:21', NULL, NULL, NULL, NULL, NULL, NULL, NULL, NULL, NULL, '2020-11-11 00:09:01', '2021-06-02 18:51:07', NULL, 2),
(3, 10, 1, 47030, '\"373065, Архангельская область, город Коломна, пер. Домодедовская, 99\"', 1, '2020-12-25 20:44:51', '2019-10-18 17:20:24', NULL, NULL, NULL, NULL, NULL, NULL, NULL, NULL, NULL, '2020-12-04 06:35:48', '2020-12-04 06:35:48', NULL, 0),
(4, 3, 1, 75960, '\"688050, Владимирская область, город Пушкино, пр. Балканская, 22\"', 1, '2021-01-28 12:23:40', '2020-07-03 08:32:35', NULL, NULL, NULL, NULL, NULL, NULL, NULL, NULL, NULL, '2020-11-24 03:22:13', '2020-11-24 03:22:13', NULL, 0),
(5, 9, 2, 70922, '\"952244, Калужская область, город Дорохово, пл. Славы, 02\"', 1, '2021-01-14 05:26:07', '2020-12-24 20:33:17', NULL, NULL, NULL, NULL, NULL, NULL, NULL, NULL, NULL, '2020-11-27 18:12:54', '2020-11-27 18:12:54', NULL, 0),
(6, 8, 2, 46776, '\"651421, Читинская область, город Подольск, спуск Домодедовская, 30\"', 1, '2021-02-02 19:55:37', '2020-04-28 05:03:59', NULL, NULL, NULL, NULL, NULL, NULL, NULL, NULL, NULL, '2020-11-13 07:58:45', '2020-11-13 07:58:45', NULL, 0),
(7, 4, 2, 34830, '\"275367, Костромская область, город Волоколамск, проезд Гагарина, 75\"', 0, NULL, '2019-09-10 16:16:09', NULL, NULL, NULL, NULL, NULL, NULL, NULL, NULL, NULL, '2020-11-11 21:16:38', '2020-11-11 21:16:38', NULL, 0),
(8, 10, 2, 20728, '\"214579, Ивановская область, город Орехово-Зуево, проезд Славы, 30\"', 0, NULL, '2019-07-29 17:31:33', NULL, NULL, NULL, NULL, NULL, NULL, NULL, NULL, NULL, '2020-11-14 06:25:30', '2020-11-14 06:25:30', NULL, 0),
(9, 8, 2, 28485, '\"019767, Оренбургская область, город Клин, пер. Гоголя, 20\"', 1, '2021-01-12 22:30:43', '2020-01-22 13:49:06', NULL, NULL, NULL, NULL, NULL, NULL, NULL, NULL, NULL, '2020-11-24 04:25:26', '2020-11-24 04:25:26', NULL, 0),
(10, 3, 2, 78215, '\"638953, Свердловская область, город Серпухов, ул. Ленина, 81\"', 0, NULL, '2020-04-19 12:38:18', NULL, NULL, NULL, NULL, NULL, NULL, NULL, NULL, NULL, '2020-11-12 11:53:36', '2020-11-12 11:53:36', NULL, 0),
(11, 7, 2, 53496, '\"494007, Ярославская область, город Одинцово, наб. Будапештсткая, 69\"', 1, '2020-12-24 03:21:02', '2019-09-17 07:46:43', NULL, NULL, NULL, NULL, NULL, NULL, NULL, NULL, NULL, '2020-12-04 06:31:22', '2020-12-04 06:31:22', NULL, 0),
(12, 8, 2, 80822, '\"016665, Калужская область, город Клин, шоссе Ленина, 46\"', 1, '2020-12-13 19:03:17', '2019-04-30 06:50:53', NULL, NULL, NULL, NULL, NULL, NULL, NULL, NULL, NULL, '2020-12-04 22:02:46', '2020-12-04 22:02:46', NULL, 0),
(13, 1, 2, 64577, '\"432033, Ярославская область, город Егорьевск, ул. Косиора, 27\"', 1, '2021-01-02 23:18:29', '2020-08-26 20:06:28', NULL, NULL, NULL, NULL, NULL, NULL, NULL, NULL, NULL, '2020-11-17 15:31:31', '2020-11-17 15:31:31', NULL, 0),
(14, 1, 1, 94089, '\"369909, Костромская область, город Пушкино, проезд 1905 года, 88\"', 1, '2021-01-26 07:50:55', '2019-03-23 18:39:36', NULL, NULL, NULL, NULL, NULL, NULL, NULL, NULL, NULL, '2020-11-11 03:29:19', '2020-11-11 03:29:19', NULL, 0),
(15, 6, 2, 50942, '\"731376, Вологодская область, город Зарайск, пл. Будапештсткая, 12\"', 1, '2021-02-01 00:21:06', '2019-02-20 03:28:39', NULL, NULL, NULL, NULL, NULL, NULL, NULL, NULL, NULL, '2020-12-06 20:58:49', '2020-12-06 20:58:49', NULL, 0),
(16, 5, 2, 49915, '\"257053, Архангельская область, город Дмитров, проезд Космонавтов, 51\"', 0, NULL, '2020-07-12 17:19:39', NULL, NULL, NULL, NULL, NULL, NULL, NULL, NULL, NULL, '2020-11-25 17:46:32', '2020-11-25 17:46:32', NULL, 0),
(17, 9, 2, 25624, '\"957418, Калужская область, город Лотошино, наб. 1905 года, 54\"', 1, '2020-12-10 10:40:00', '2020-06-09 01:19:45', NULL, NULL, NULL, NULL, NULL, NULL, NULL, NULL, NULL, '2020-11-10 05:32:12', '2020-11-10 05:32:12', NULL, 0),
(18, 3, 1, 28316, '\"961079, Калининградская область, город Пушкино, пл. Чехова, 03\"', 0, NULL, '2019-12-25 00:48:57', NULL, NULL, NULL, NULL, NULL, NULL, NULL, NULL, NULL, '2020-11-20 21:49:41', '2020-11-20 21:49:41', NULL, 0),
(19, 9, 2, 87660, '\"929789, Брянская область, город Дмитров, бульвар Космонавтов, 09\"', 0, NULL, '2019-03-22 01:35:31', NULL, NULL, NULL, NULL, NULL, NULL, NULL, NULL, NULL, '2020-11-16 18:59:03', '2020-11-16 18:59:03', NULL, 0),
(20, 11, 2, 49512, '\"671866, Ульяновская область, город Одинцово, проезд Ленина, 36\"', 1, '2021-01-24 18:18:10', '2020-03-25 01:33:10', NULL, NULL, NULL, NULL, NULL, NULL, NULL, NULL, NULL, '2020-12-03 05:13:28', '2020-12-03 05:13:28', NULL, 0),
(21, 8, 1, 79827, '\"812616, Амурская область, город Наро-Фоминск, въезд Домодедовская, 51\"', 1, '2021-02-03 07:27:30', '2019-09-26 11:50:19', NULL, NULL, NULL, NULL, NULL, NULL, NULL, NULL, NULL, '2020-11-14 02:15:45', '2020-11-14 02:15:45', NULL, 0),
(22, 9, 2, 63340, '\"540169, Воронежская область, город Балашиха, спуск Сталина, 10\"', 1, '2021-01-25 11:10:32', '2020-09-24 21:57:53', NULL, NULL, NULL, NULL, NULL, NULL, NULL, NULL, NULL, '2020-12-01 13:42:28', '2020-12-01 13:42:28', NULL, 0),
(23, 10, 1, 39980, '\"457244, Ленинградская область, город Щёлково, пер. Гоголя, 03\"', 1, '2020-12-08 19:34:18', '2020-11-10 12:00:09', NULL, NULL, NULL, NULL, NULL, NULL, NULL, NULL, NULL, '2020-11-28 12:13:15', '2020-11-28 12:13:15', NULL, 0),
(24, 5, 2, 42158, '\"623105, Томская область, город Лотошино, спуск Сталина, 41\"', 0, NULL, '2020-11-09 00:05:04', NULL, NULL, NULL, NULL, NULL, NULL, NULL, NULL, NULL, '2020-11-27 00:15:18', '2020-11-27 00:15:18', NULL, 0),
(25, 10, 2, 37853, '\"067356, Мурманская область, город Лотошино, въезд Ленина, 14\"', 0, NULL, '2019-11-21 05:47:35', NULL, NULL, NULL, NULL, NULL, NULL, NULL, NULL, NULL, '2020-12-06 13:24:49', '2020-12-06 13:24:49', NULL, 0),
(26, 8, 2, 29087, '\"096006, Сахалинская область, город Луховицы, пр. Ленина, 10\"', 1, '2020-12-13 11:23:29', '2019-05-18 01:19:11', NULL, NULL, NULL, NULL, NULL, NULL, NULL, NULL, NULL, '2020-11-30 21:24:12', '2020-11-30 21:24:12', NULL, 0),
(27, 1, 2, 68985, '\"752589, Астраханская область, город Истра, пл. Ломоносова, 16\"', 1, '2021-01-18 14:47:33', '2020-12-13 12:31:57', NULL, NULL, NULL, NULL, NULL, NULL, NULL, NULL, NULL, '2020-11-20 03:29:49', '2020-11-20 03:29:49', NULL, 0),
(28, 5, 2, 17429, '\"070435, Волгоградская область, город Подольск, наб. Космонавтов, 33\"', 0, NULL, '2019-05-15 18:52:26', NULL, NULL, NULL, NULL, NULL, NULL, NULL, NULL, NULL, '2020-11-19 08:22:49', '2020-11-19 08:22:49', NULL, 0),
(29, 6, 1, 66220, '\"166498, Магаданская область, город Шаховская, пер. Ломоносова, 24\"', 1, '2020-12-29 23:56:57', '2021-01-12 14:05:01', NULL, NULL, NULL, NULL, NULL, NULL, NULL, NULL, NULL, '2020-11-09 17:05:37', '2020-11-09 17:05:37', NULL, 0),
(30, 3, 2, 84420, '\"790614, Архангельская область, город Дорохово, пл. Ленина, 02\"', 1, '2021-01-22 05:53:19', '2019-10-10 15:06:17', NULL, NULL, NULL, NULL, NULL, NULL, NULL, NULL, NULL, '2020-12-04 07:03:25', '2020-12-04 07:03:25', NULL, 0),
(31, 10, 2, 14808, '\"440111, Иркутская область, город Озёры, спуск Сталина, 37\"', 0, NULL, '2019-10-07 08:04:51', NULL, NULL, NULL, NULL, NULL, NULL, NULL, NULL, NULL, '2020-12-05 23:34:05', '2020-12-05 23:34:05', NULL, 0),
(32, 6, 1, 94140, '\"366236, Брянская область, город Люберцы, проезд Бухарестская, 30\"', 1, '2021-01-14 17:25:13', '2019-07-26 11:42:51', NULL, NULL, NULL, NULL, NULL, NULL, NULL, NULL, NULL, '2020-11-12 08:41:47', '2020-11-12 08:41:47', NULL, 0),
(33, 7, 2, 48892, '\"063330, Саратовская область, город Луховицы, бульвар Космонавтов, 22\"', 1, '2020-12-11 06:16:29', '2019-06-04 02:38:10', NULL, NULL, NULL, NULL, NULL, NULL, NULL, NULL, NULL, '2020-11-27 18:06:24', '2020-11-27 18:06:24', NULL, 0),
(34, 1, 2, 78885, '\"197528, Ярославская область, город Дорохово, наб. Славы, 66\"', 1, '2021-01-15 15:09:31', '2019-03-29 12:45:09', NULL, NULL, NULL, NULL, NULL, NULL, NULL, NULL, NULL, '2020-12-03 03:48:10', '2020-12-03 03:48:10', NULL, 0),
(35, 7, 2, 28682, '\"618267, Омская область, город Кашира, пр. Косиора, 81\"', 1, '2020-12-28 01:48:52', '2019-05-17 20:42:15', NULL, NULL, NULL, NULL, NULL, NULL, NULL, NULL, NULL, '2020-11-12 23:17:47', '2020-11-12 23:17:47', NULL, 0),
(36, 3, 2, 83526, '\"842254, Свердловская область, город Клин, спуск Сталина, 83\"', 0, NULL, '2019-07-24 12:20:32', NULL, NULL, NULL, NULL, NULL, NULL, NULL, NULL, NULL, '2020-11-08 03:18:20', '2020-11-08 03:18:20', NULL, 0),
(37, 3, 2, 59666, '\"992644, Рязанская область, город Лотошино, пер. Космонавтов, 66\"', 1, '2021-01-06 01:18:26', '2019-06-22 15:21:34', NULL, NULL, NULL, NULL, NULL, NULL, NULL, NULL, NULL, '2020-11-08 06:17:46', '2020-11-08 06:17:46', NULL, 0),
(38, 6, 2, 47782, '\"155802, Курская область, город Можайск, пр. Сталина, 97\"', 1, '2021-01-07 01:07:25', '2019-09-02 04:15:43', NULL, NULL, NULL, NULL, NULL, NULL, NULL, NULL, NULL, '2020-11-08 02:35:58', '2020-11-08 02:35:58', NULL, 0),
(39, 7, 1, 29432, '\"933423, Смоленская область, город Сергиев Посад, спуск Гагарина, 06\"', 1, '2021-02-05 02:25:45', '2019-04-10 12:19:03', NULL, NULL, NULL, NULL, NULL, NULL, NULL, NULL, NULL, '2020-11-23 22:42:20', '2020-11-23 22:42:20', NULL, 0),
(40, 5, 2, 61227, '\"398726, Калининградская область, город Дорохово, бульвар Гагарина, 59\"', 1, '2020-12-16 04:53:52', '2019-07-29 21:06:13', NULL, NULL, NULL, NULL, NULL, NULL, NULL, NULL, NULL, '2020-12-02 17:47:54', '2020-12-02 17:47:54', NULL, 0),
(41, 1, 1, 83810, '\"848464, Оренбургская область, город Воскресенск, шоссе Космонавтов, 81\"', 1, '2021-01-15 03:30:26', '2020-05-08 18:05:41', NULL, NULL, NULL, NULL, NULL, NULL, NULL, NULL, NULL, '2020-12-05 18:53:54', '2020-12-05 18:53:54', NULL, 0),
(42, 7, 1, 67773, '\"222995, Смоленская область, город Одинцово, пр. Гоголя, 34\"', 1, '2021-01-15 05:28:11', '2019-03-24 17:10:36', NULL, NULL, NULL, NULL, NULL, NULL, NULL, NULL, NULL, '2020-11-24 01:16:07', '2020-11-24 01:16:07', NULL, 0),
(43, 9, 2, 74079, '\"401036, Ленинградская область, город Сергиев Посад, пр. Ломоносова, 92\"', 0, NULL, '2020-10-05 19:49:21', NULL, NULL, NULL, NULL, NULL, NULL, NULL, NULL, NULL, '2020-11-19 18:01:57', '2020-11-19 18:01:57', NULL, 0),
(44, 9, 2, 35627, '\"076948, Вологодская область, город Кашира, пер. Балканская, 52\"', 1, '2021-01-16 14:46:08', '2019-04-30 13:24:17', NULL, NULL, NULL, NULL, NULL, NULL, NULL, NULL, NULL, '2020-11-12 13:25:56', '2020-11-12 13:25:56', NULL, 0),
(45, 8, 2, 60112, '\"931952, Ленинградская область, город Зарайск, спуск Сталина, 06\"', 1, '2020-12-10 09:37:03', '2020-01-06 17:05:49', NULL, NULL, NULL, NULL, NULL, NULL, NULL, NULL, NULL, '2020-11-30 10:38:53', '2020-11-30 10:38:53', NULL, 0),
(46, 11, 2, 36817, '\"905046, Тюменская область, город Лотошино, спуск Ладыгина, 12\"', 1, '2020-12-12 14:38:35', '2020-04-16 23:35:22', NULL, NULL, NULL, NULL, NULL, NULL, NULL, NULL, NULL, '2020-11-28 15:31:48', '2020-11-28 15:31:48', NULL, 0),
(47, 9, 2, 87424, '\"566703, Курская область, город Луховицы, проезд Ладыгина, 85\"', 1, '2020-12-19 19:56:52', '2020-05-26 23:59:11', NULL, NULL, NULL, NULL, NULL, NULL, NULL, NULL, NULL, '2020-11-22 00:30:40', '2020-11-22 00:30:40', NULL, 0),
(48, 1, 2, 53118, '\"067334, Новосибирская область, город Балашиха, наб. Косиора, 11\"', 1, '2020-12-23 19:10:49', '2019-10-15 13:15:42', NULL, NULL, NULL, NULL, NULL, NULL, NULL, NULL, NULL, '2020-12-04 15:10:05', '2020-12-04 15:10:05', NULL, 0),
(49, 9, 1, 79625, '\"890425, Кемеровская область, город Истра, наб. Косиора, 29\"', 0, NULL, '2020-12-01 14:38:04', NULL, NULL, NULL, NULL, NULL, NULL, NULL, NULL, NULL, '2020-11-25 07:45:28', '2020-11-25 07:45:28', NULL, 0),
(50, 5, 2, 88117, '\"995290, Псковская область, город Москва, пер. 1905 года, 85\"', 1, '2021-01-17 20:11:53', '2020-04-06 15:05:03', NULL, NULL, NULL, NULL, NULL, NULL, NULL, NULL, NULL, '2020-12-03 15:34:24', '2020-12-03 15:34:24', NULL, 0),
(51, 5, 2, 96906, '\"730970, Томская область, город Шаховская, пл. Славы, 24\"', 0, NULL, '2019-04-16 05:21:18', NULL, NULL, NULL, NULL, NULL, NULL, NULL, NULL, NULL, '2020-11-29 03:25:28', '2020-11-29 03:25:28', NULL, 0),
(52, 5, 2, 77906, '\"951389, Сахалинская область, город Павловский Посад, проезд Балканская, 70\"', 1, '2021-01-26 13:21:21', '2020-09-14 17:14:12', NULL, NULL, NULL, NULL, NULL, NULL, NULL, NULL, NULL, '2020-11-26 05:18:15', '2020-11-26 05:18:15', NULL, 0),
(53, 2, 2, 68885, '\"037143, Смоленская область, город Мытищи, пер. Ладыгина, 80\"', 1, '2020-12-28 02:34:26', '2020-02-24 21:46:05', NULL, NULL, NULL, NULL, NULL, NULL, NULL, NULL, NULL, '2020-11-25 03:24:52', '2020-11-25 03:24:52', NULL, 0),
(54, 11, 2, 93828, '\"154775, Липецкая область, город Пушкино, въезд Балканская, 88\"', 1, '2020-12-26 16:45:20', '2021-01-17 03:33:33', NULL, NULL, NULL, NULL, NULL, NULL, NULL, NULL, NULL, '2020-11-23 07:17:05', '2020-11-23 07:17:05', NULL, 0),
(55, 6, 2, 86207, '\"363615, Вологодская область, город Люберцы, проезд Балканская, 44\"', 0, NULL, '2019-11-03 20:00:07', NULL, NULL, NULL, NULL, NULL, NULL, NULL, NULL, NULL, '2020-12-06 10:39:28', '2020-12-06 10:39:28', NULL, 0),
(56, 10, 1, 67675, '\"618232, Сахалинская область, город Волоколамск, ул. Ломоносова, 10\"', 1, '2021-01-01 11:20:43', '2020-08-01 00:31:03', NULL, NULL, NULL, NULL, NULL, NULL, NULL, NULL, NULL, '2020-11-07 21:41:29', '2020-11-07 21:41:29', NULL, 0),
(57, 9, 2, 56727, '\"382134, Омская область, город Люберцы, проезд Гоголя, 63\"', 0, NULL, '2020-11-11 11:14:48', NULL, NULL, NULL, NULL, NULL, NULL, NULL, NULL, NULL, '2020-11-21 17:01:02', '2020-11-21 17:01:02', NULL, 0),
(58, 6, 2, 31976, '\"960556, Курская область, город Балашиха, спуск Косиора, 88\"', 1, '2020-12-26 10:03:31', '2019-04-24 01:11:48', NULL, NULL, NULL, NULL, NULL, NULL, NULL, NULL, NULL, '2020-11-21 09:02:31', '2020-11-21 09:02:31', NULL, 0),
(59, 10, 2, 25379, '\"418205, Курганская область, город Серебряные Пруды, пр. Гоголя, 84\"', 1, '2020-12-14 20:29:11', '2019-10-24 02:55:52', NULL, NULL, NULL, NULL, NULL, NULL, NULL, NULL, NULL, '2020-11-13 15:33:43', '2020-11-13 15:33:43', NULL, 0),
(60, 4, 2, 99033, '\"702969, Рязанская область, город Ступино, ул. 1905 года, 19\"', 1, '2020-12-16 06:39:15', '2020-10-18 03:27:41', NULL, NULL, NULL, NULL, NULL, NULL, NULL, NULL, NULL, '2020-12-03 20:40:22', '2020-12-03 20:40:22', NULL, 0),
(61, 10, 1, 19090, '\"333997, Мурманская область, город Егорьевск, пер. Ломоносова, 01\"', 1, '2020-12-26 02:05:27', '2020-09-19 16:36:08', NULL, NULL, NULL, NULL, NULL, NULL, NULL, NULL, NULL, '2020-12-07 02:34:46', '2020-12-07 02:34:46', NULL, 0),
(62, 10, 2, 73872, '\"775977, Курская область, город Щёлково, наб. Ленина, 04\"', 1, '2020-12-18 22:13:00', '2019-09-28 21:24:16', NULL, NULL, NULL, NULL, NULL, NULL, NULL, NULL, NULL, '2020-11-12 21:19:49', '2020-11-12 21:19:49', NULL, 0),
(63, 2, 2, 66879, '\"854109, Амурская область, город Луховицы, въезд Гагарина, 22\"', 1, '2020-12-30 06:28:53', '2020-06-29 13:21:29', NULL, NULL, NULL, NULL, NULL, NULL, NULL, NULL, NULL, '2020-11-13 04:45:00', '2020-11-13 04:45:00', NULL, 0),
(64, 7, 2, 61866, '\"407594, Астраханская область, город Истра, пл. Чехова, 21\"', 1, '2021-01-03 00:46:04', '2019-11-26 13:57:00', NULL, NULL, NULL, NULL, NULL, NULL, NULL, NULL, NULL, '2020-11-12 16:49:56', '2020-11-12 16:49:56', NULL, 0),
(65, 2, 2, 20883, '\"152294, Воронежская область, город Красногорск, проезд Будапештсткая, 27\"', 1, '2021-01-18 19:20:50', '2019-03-15 10:48:19', NULL, NULL, NULL, NULL, NULL, NULL, NULL, NULL, NULL, '2020-12-03 20:52:49', '2020-12-03 20:52:49', NULL, 0),
(66, 5, 2, 98186, '\"315311, Ростовская область, город Луховицы, пр. Славы, 49\"', 1, '2021-01-30 00:55:09', '2019-12-16 10:39:38', NULL, NULL, NULL, NULL, NULL, NULL, NULL, NULL, NULL, '2020-11-08 10:46:27', '2020-11-08 10:46:27', NULL, 0),
(67, 1, 2, 49760, '\"249834, Оренбургская область, город Балашиха, пл. Ленина, 86\"', 1, '2020-12-19 07:31:06', '2020-05-18 05:24:45', NULL, NULL, NULL, NULL, NULL, NULL, NULL, NULL, NULL, '2020-11-19 03:48:06', '2020-11-19 03:48:06', NULL, 0),
(68, 5, 2, 60642, '\"711579, Тюменская область, город Павловский Посад, наб. Бухарестская, 47\"', 1, '2021-01-19 17:43:51', '2019-09-02 18:18:26', NULL, NULL, NULL, NULL, NULL, NULL, NULL, NULL, NULL, '2020-11-22 22:25:55', '2021-05-19 20:38:45', NULL, 1),
(69, 9, 2, 61706, '\"727537, Смоленская область, город Воскресенск, пр. Бухарестская, 13\"', 0, NULL, '2020-12-03 08:42:55', NULL, NULL, NULL, NULL, NULL, NULL, NULL, NULL, NULL, '2020-12-03 04:28:37', '2020-12-03 04:28:37', NULL, 0),
(70, 2, 1, 86536, '\"710946, Костромская область, город Красногорск, пер. Балканская, 65\"', 0, NULL, '2019-11-20 22:35:43', NULL, NULL, NULL, NULL, NULL, NULL, NULL, NULL, NULL, '2020-12-01 20:41:23', '2020-12-01 20:41:23', NULL, 0),
(71, 7, 1, 78636, '\"390933, Ивановская область, город Зарайск, наб. Балканская, 14\"', 1, '2021-02-04 23:25:07', '2020-10-18 22:05:22', NULL, NULL, NULL, NULL, NULL, NULL, NULL, NULL, NULL, '2020-11-09 22:50:34', '2020-11-09 22:50:34', NULL, 0),
(72, 4, 2, 83798, '\"074676, Курская область, город Павловский Посад, въезд Гагарина, 99\"', 1, '2021-01-08 06:15:03', '2019-10-22 06:39:55', NULL, NULL, NULL, NULL, NULL, NULL, NULL, NULL, NULL, '2020-11-15 21:27:31', '2020-11-15 21:27:31', NULL, 0),
(73, 9, 2, 92685, '\"658202, Магаданская область, город Дорохово, спуск Гоголя, 80\"', 1, '2021-01-30 20:46:57', '2020-09-03 18:31:33', NULL, NULL, NULL, NULL, NULL, NULL, NULL, NULL, NULL, '2020-11-16 00:40:06', '2020-11-16 00:40:06', NULL, 0),
(74, 4, 2, 41497, '\"707034, Смоленская область, город Лотошино, проезд Славы, 50\"', 1, '2021-01-01 21:05:40', '2020-12-31 07:38:40', NULL, NULL, NULL, NULL, NULL, NULL, NULL, NULL, NULL, '2020-12-05 07:13:57', '2020-12-05 07:13:57', NULL, 0),
(75, 6, 2, 82400, '\"489018, Оренбургская область, город Кашира, въезд Гоголя, 82\"', 1, '2021-01-26 00:13:49', '2020-04-03 17:54:02', NULL, NULL, NULL, NULL, NULL, NULL, NULL, NULL, NULL, '2020-11-27 13:24:31', '2020-11-27 13:24:31', NULL, 0),
(76, 6, 2, 98218, '\"804911, Липецкая область, город Москва, шоссе Гоголя, 41\"', 0, NULL, '2019-04-04 10:00:55', NULL, NULL, NULL, NULL, NULL, NULL, NULL, NULL, NULL, '2020-11-25 07:13:36', '2020-11-25 07:13:36', NULL, 0),
(77, 5, 2, 53467, '\"557469, Ульяновская область, город Чехов, пр. Будапештсткая, 44\"', 1, '2020-12-31 14:14:38', '2020-08-28 11:51:27', NULL, NULL, NULL, NULL, NULL, NULL, NULL, NULL, NULL, '2020-11-30 10:26:41', '2020-11-30 10:26:41', NULL, 0),
(78, 10, 1, 23247, '\"675062, Челябинская область, город Воскресенск, шоссе Ленина, 79\"', 1, '2020-12-31 09:51:59', '2019-04-15 15:56:57', NULL, NULL, NULL, NULL, NULL, NULL, NULL, NULL, NULL, '2020-12-02 00:18:08', '2020-12-02 00:18:08', NULL, 0),
(79, 1, 2, 62732, '\"191652, Московская область, город Истра, въезд Гагарина, 59\"', 1, '2020-12-11 21:02:09', '2019-07-27 14:52:55', NULL, NULL, NULL, NULL, NULL, NULL, NULL, NULL, NULL, '2020-12-02 09:06:10', '2021-06-02 18:56:37', NULL, 2),
(80, 4, 2, 96251, '\"512018, Кировская область, город Одинцово, шоссе Будапештсткая, 66\"', 0, NULL, '2020-10-23 09:12:06', NULL, NULL, NULL, NULL, NULL, NULL, NULL, NULL, NULL, '2020-11-28 06:56:24', '2020-11-28 06:56:24', NULL, 0),
(81, 5, 2, 30519, '\"562601, Кемеровская область, город Раменское, спуск Гагарина, 70\"', 1, '2020-12-22 09:08:16', '2020-09-20 11:03:46', NULL, NULL, NULL, NULL, NULL, NULL, NULL, NULL, NULL, '2020-11-20 02:31:44', '2020-11-20 02:31:44', NULL, 0),
(82, 5, 2, 77407, '\"656316, Новгородская область, город Пушкино, пр. Ломоносова, 55\"', 0, NULL, '2020-03-23 19:43:13', NULL, NULL, NULL, NULL, NULL, NULL, NULL, NULL, NULL, '2020-12-04 16:27:47', '2020-12-04 16:27:47', NULL, 0),
(83, 1, 2, 36742, '\"258969, Сахалинская область, город Москва, шоссе Ломоносова, 14\"', 1, '2020-12-25 09:50:09', '2020-02-08 01:52:16', NULL, NULL, NULL, NULL, NULL, NULL, NULL, NULL, NULL, '2020-12-02 16:54:16', '2020-12-02 16:54:16', NULL, 0),
(84, 7, 2, 47378, '\"670117, Тамбовская область, город Шаховская, ул. Ладыгина, 93\"', 1, '2020-12-19 02:05:24', '2019-12-20 20:52:58', NULL, NULL, NULL, NULL, NULL, NULL, NULL, NULL, NULL, '2020-11-15 08:10:48', '2020-11-15 08:10:48', NULL, 0),
(85, 8, 2, 39239, '\"902427, Орловская область, город Подольск, пл. Гоголя, 74\"', 1, '2021-01-09 12:54:11', '2020-08-13 17:56:02', NULL, NULL, NULL, NULL, NULL, NULL, NULL, NULL, NULL, '2020-12-04 22:56:21', '2020-12-04 22:56:21', NULL, 0),
(86, 4, 2, 61745, '\"349176, Ярославская область, город Дорохово, пер. Ленина, 17\"', 1, '2021-01-15 02:11:52', '2020-04-11 15:36:20', NULL, NULL, NULL, NULL, NULL, NULL, NULL, NULL, NULL, '2020-11-16 04:14:30', '2020-11-16 04:14:30', NULL, 0),
(87, 3, 2, 21295, '\"485521, Ростовская область, город Можайск, ул. Ладыгина, 19\"', 1, '2021-01-17 16:17:53', '2020-04-30 13:58:41', NULL, NULL, NULL, NULL, NULL, NULL, NULL, NULL, NULL, '2020-11-09 09:16:47', '2020-11-09 09:16:47', NULL, 0),
(88, 8, 2, 19666, '\"523978, Магаданская область, город Люберцы, спуск 1905 года, 02\"', 1, '2020-12-12 21:18:01', '2019-03-07 12:31:18', NULL, NULL, NULL, NULL, NULL, NULL, NULL, NULL, NULL, '2020-11-12 16:37:52', '2020-11-12 16:37:52', NULL, 0),
(89, 9, 2, 20769, '\"398936, Смоленская область, город Видное, ул. Сталина, 62\"', 0, NULL, '2020-07-06 09:01:52', NULL, NULL, NULL, NULL, NULL, NULL, NULL, NULL, NULL, '2020-12-05 20:26:00', '2020-12-05 20:26:00', NULL, 0),
(90, 3, 2, 49804, '\"503437, Костромская область, город Озёры, шоссе Сталина, 05\"', 1, '2021-01-19 21:57:25', '2020-05-17 02:16:28', NULL, NULL, NULL, NULL, NULL, NULL, NULL, NULL, NULL, '2020-11-28 22:13:25', '2020-11-28 22:13:25', NULL, 0),
(91, 5, 2, 89914, '\"036304, Оренбургская область, город Москва, пл. Ладыгина, 59\"', 0, NULL, '2020-06-28 11:36:25', NULL, NULL, NULL, NULL, NULL, NULL, NULL, NULL, NULL, '2020-11-22 07:18:43', '2020-11-22 07:18:43', NULL, 0),
(92, 8, 2, 92838, '\"418613, Новосибирская область, город Ногинск, пр. Сталина, 00\"', 1, '2020-12-24 00:54:46', '2019-07-31 09:56:25', NULL, NULL, NULL, NULL, NULL, NULL, NULL, NULL, NULL, '2020-11-14 22:46:25', '2020-11-14 22:46:25', NULL, 0),
(93, 9, 2, 64289, '\"806851, Иркутская область, город Чехов, ул. Гагарина, 05\"', 1, '2021-01-29 10:42:05', '2019-04-20 13:23:59', NULL, NULL, NULL, NULL, NULL, NULL, NULL, NULL, NULL, '2020-12-06 23:34:49', '2020-12-06 23:34:49', NULL, 0),
(94, 11, 2, 82900, '\"285424, Брянская область, город Коломна, наб. Гоголя, 53\"', 1, '2021-02-03 14:28:03', '2020-11-27 07:03:51', NULL, NULL, NULL, NULL, NULL, NULL, NULL, NULL, NULL, '2020-11-10 12:16:40', '2020-11-10 12:16:40', NULL, 0),
(95, 5, 2, 79860, '\"749098, Кемеровская область, город Раменское, пл. Косиора, 23\"', 1, '2021-01-13 15:59:13', '2019-11-20 16:11:03', NULL, NULL, NULL, NULL, NULL, NULL, NULL, NULL, NULL, '2020-11-08 02:34:59', '2020-11-08 02:34:59', NULL, 0),
(96, 6, 2, 29615, '\"445219, Кировская область, город Домодедово, пл. Ломоносова, 05\"', 1, '2020-12-15 23:22:33', '2019-06-17 09:49:31', NULL, NULL, NULL, NULL, NULL, NULL, NULL, NULL, NULL, '2020-11-09 10:07:33', '2020-11-09 10:07:33', NULL, 0),
(97, 10, 2, 45168, '\"747645, Калужская область, город Воскресенск, шоссе Гоголя, 26\"', 0, NULL, '2020-06-21 03:04:12', NULL, NULL, NULL, NULL, NULL, NULL, NULL, NULL, NULL, '2020-11-07 19:56:46', '2020-11-07 19:56:46', NULL, 0),
(98, 9, 2, 22832, '\"307770, Кировская область, город Люберцы, пр. Славы, 39\"', 1, '2021-01-25 21:19:22', '2020-10-24 01:37:55', NULL, NULL, NULL, NULL, NULL, NULL, NULL, NULL, NULL, '2020-11-10 13:05:27', '2020-11-10 13:05:27', NULL, 0),
(99, 11, 2, 75969, '\"060177, Брянская область, город Волоколамск, ул. Славы, 85\"', 1, '2020-12-13 00:24:35', '2020-01-31 00:26:58', NULL, NULL, NULL, NULL, NULL, NULL, NULL, NULL, NULL, '2020-11-27 13:31:01', '2020-11-27 13:31:01', NULL, 0),
(100, 5, 2, 32496, '{\"lat\": 55.09786914230319, \"lng\": 36.58116415143014, \"title\": \"Метка\"}', 1, '2020-12-08 18:47:13', '2020-08-27 20:00:06', NULL, 'Тест', 'Русское название', 'текст1', 50, NULL, NULL, 3.00, NULL, '2020-11-24 05:54:21', '2021-02-14 16:29:54', NULL, 0),
(103, 1, 3, 5, '{\"lat\": \"54.194764\", \"lng\": \"51.115201\"}', 0, NULL, '2014-06-24 20:00:00', 5, 'Bupleurum longifolium subsp. aureum (Fisch ex Hoffm.) Soó ', 'Володушка золотистая', 'Самарская обл., Челно-Вершинский р-н, вблизи п.п. \"Дубрава водоохранная\". Лесная поляна.', 5000, 'Корчикова Т.А., Буранова Ю.Г.', 'Плаксина Т.И.', 3.00, 'Bupleurum aureum (Hoffm.) Fisch. ex Hoffm.', '2021-03-08 18:45:04', '2021-03-08 18:45:04', NULL, 0),
(104, 1, 3, 5, '{\"lat\": \"54.194764\", \"lng\": \"51.115201\"}', 0, NULL, '2014-06-24 20:00:00', 5, 'Bupleurum longifolium subsp. aureum (Fisch ex Hoffm.) Soó ', 'Володушка золотистая', 'Самарская обл., Челно-Вершинский р-н, вблизи п.п. \"Дубрава водоохранная\". Лесная поляна.', 5000, 'Корчикова Т.А., Буранова Ю.Г.', 'Плаксина Т.И.', 3.00, 'Bupleurum aureum (Hoffm.) Fisch. ex Hoffm.', '2021-03-13 14:10:16', '2021-03-13 14:10:16', NULL, 0),
(105, 1, 3, 5, '{\"lat\": \"54.194764\", \"lng\": \"51.115201\"}', 0, NULL, '2014-06-24 20:00:00', 5, 'Bupleurum longifolium subsp. aureum (Fisch ex Hoffm.) Soó ', 'Володушка золотистая', 'Самарская обл., Челно-Вершинский р-н, вблизи п.п. \"Дубрава водоохранная\". Лесная поляна.', 5000, 'Корчикова Т.А., Буранова Ю.Г.', 'Плаксина Т.И.', 3.00, 'Bupleurum aureum (Hoffm.) Fisch. ex Hoffm.', '2021-03-13 14:11:02', '2021-03-13 14:11:02', NULL, 0),
(169, 1, 3, 5, '{\"lat\": \"54.194764\", \"lng\": \"51.115201\"}', 0, NULL, '2014-06-24 20:00:00', 5, 'Bupleurum longifolium subsp. aureum (Fisch ex Hoffm.) Soó ', 'Володушка золотистая', 'Самарская обл., Челно-Вершинский р-н, вблизи п.п. \"Дубрава водоохранная\". Лесная поляна.', 5000, 'Корчикова Т.А., Буранова Ю.Г.', 'Плаксина Т.И.', 3.00, 'Bupleurum aureum (Hoffm.) Fisch. ex Hoffm.', '2021-03-14 08:17:49', '2021-03-14 08:17:49', NULL, 0),
(170, 1, 3, 5, '{\"lat\": \"54.194764\", \"lng\": \"51.115201\"}', 0, NULL, '2014-06-24 20:00:00', 5, 'Bupleurum longifolium subsp. aureum (Fisch ex Hoffm.) Soó ', 'Володушка золотистая', 'Самарская обл., Челно-Вершинский р-н, вблизи п.п. \"Дубрава водоохранная\". Лесная поляна.', 5000, 'Корчикова Т.А., Буранова Ю.Г.', 'Плаксина Т.И.', 3.00, 'Bupleurum aureum (Hoffm.) Fisch. ex Hoffm.', '2021-03-14 08:18:57', '2021-03-14 08:18:57', NULL, 0),
(171, 15, 3, 40, '{\"lat\": \"53.152287\", \"lng\": \"49.105873\"}', 0, NULL, '1992-09-08 20:00:00', 40, 'Helichrysum arenarium (L.) Moench ', 'Цмин песчаный', 'Самарская обл., Безенчукский р-н, Усинский залив, дер. Переволоки. Лесная  поляна у дороги, в сосняках.', 1500, 'Бочкарева Г.В.', NULL, 5.00, 'Helichrysum arenarium (L.) Moench ', '2021-03-14 08:18:57', '2021-03-14 08:18:57', NULL, 0),
(182, 1, 3, 5, '{\"lat\": \"54.194764\", \"lng\": \"51.115201\"}', 0, NULL, '2014-06-24 20:00:00', 5, 'Bupleurum longifolium subsp. aureum (Fisch ex Hoffm.) Soó ', 'Володушка золотистая', 'Самарская обл., Челно-Вершинский р-н, вблизи п.п. \"Дубрава водоохранная\". Лесная поляна.', 5000, 'Корчикова Т.А., Буранова Ю.Г.', 'Плаксина Т.И.', 3.00, 'Bupleurum aureum (Hoffm.) Fisch. ex Hoffm.', '2021-03-14 08:21:40', '2021-03-14 08:21:40', NULL, 0),
(183, 15, 3, 40, '{\"lat\": \"53.152287\", \"lng\": \"49.105873\"}', 0, NULL, '1992-09-08 20:00:00', 40, 'Helichrysum arenarium (L.) Moench ', 'Цмин песчаный', 'Самарская обл., Безенчукский р-н, Усинский залив, дер. Переволоки. Лесная  поляна у дороги, в сосняках.', 1500, 'Бочкарева Г.В.', NULL, 5.00, 'Helichrysum arenarium (L.) Moench ', '2021-03-14 08:21:40', '2021-03-14 08:21:40', NULL, 0),
(184, 15, 3, 42, '{\"lat\": \"5.2582933\", \"lng\": \"51.14635\"}', 0, NULL, '1986-07-11 20:00:00', 42, 'Helichrysum arenarium (L.) Moench ', 'Цмин песчаный', 'Куйбышевская обл., Кинельский р-н, Красносамарское лесничество. Песчаная степь.', 3000, 'Назарова Н.А.', NULL, 5.00, 'Helichrysum arenarium (L.) Moench ', '2021-03-14 08:21:40', '2021-03-14 08:21:40', NULL, 0),
(185, 14, 3, 148, '{\"lat\": \"53.222757\", \"lng\": \"49.203051\"}', 0, NULL, '1986-07-20 20:00:00', 148, 'Alyssum lenense Adams', 'Бурачок ленский', 'Самарская обл., Ставропольский р-н, 2-3 км к востоку от с. Жигули, Молодецкий курган, южный склон. Известняк.', 1500, 'Головин В.И.', 'Головин В.И.', 3.00, 'Alyssum lenense Adams', '2021-03-14 08:21:40', '2021-03-14 08:21:40', NULL, 0),
(186, 14, 3, 149, '{\"lat\": \"53.224496\", \"lng\": \"49.194956\"}', 0, NULL, '1986-07-08 20:00:00', 149, 'Schivereckia hyperborea (L.) Berkutenko', 'Шиверекия северная', 'Самарская обл., Ставропольский р-н, 3 км к востоку от с. Жигули, Молодецкий курган, западный склон.', 1500, 'Головин В.И.', 'Плаксина Т.И.', 2.00, 'Schivereckia hyperborea (L.) Berkutenko', '2021-03-14 08:21:40', '2021-03-14 08:21:40', NULL, 0),
(187, 14, 3, 150, '{\"lat\": \"53.224554\", \"lng\": \"49.201706\"}', 0, NULL, '1986-07-26 20:00:00', 150, 'Schivereckia hyperborea (L.) Berkutenko', 'Шиверекия северная', 'Самарская обл., Ставропольский р-н, 3 км к востоку от с. Жигули Молодецкий курган, юго-западный склон.', 1500, 'Головин В.И.', 'Головин В.И.', 2.00, 'Schivereckia hyperborea (L.) Berkutenko', '2021-03-14 08:21:40', '2021-03-14 08:21:40', NULL, 0),
(198, 1, 3, 5, '{\"lat\": \"54.194764\", \"lng\": \"51.115201\"}', 0, NULL, '2014-06-24 20:00:00', 5, 'Bupleurum longifolium subsp. aureum (Fisch ex Hoffm.) Soó ', 'Володушка золотистая', 'Самарская обл., Челно-Вершинский р-н, вблизи п.п. \"Дубрава водоохранная\". Лесная поляна.', 5000, 'Корчикова Т.А., Буранова Ю.Г.', 'Плаксина Т.И.', 3.00, 'Bupleurum aureum (Hoffm.) Fisch. ex Hoffm.', '2021-03-14 08:25:11', '2021-03-14 08:25:11', NULL, 0),
(199, 15, 3, 40, '{\"lat\": \"53.152287\", \"lng\": \"49.105873\"}', 0, NULL, '1992-09-08 20:00:00', 40, 'Helichrysum arenarium (L.) Moench ', 'Цмин песчаный', 'Самарская обл., Безенчукский р-н, Усинский залив, дер. Переволоки. Лесная  поляна у дороги, в сосняках.', 1500, 'Бочкарева Г.В.', NULL, 5.00, 'Helichrysum arenarium (L.) Moench ', '2021-03-14 08:25:11', '2021-03-14 08:25:11', NULL, 0),
(200, 15, 3, 42, '{\"lat\": \"5.2582933\", \"lng\": \"51.14635\"}', 0, NULL, '1986-07-11 20:00:00', 42, 'Helichrysum arenarium (L.) Moench ', 'Цмин песчаный', 'Куйбышевская обл., Кинельский р-н, Красносамарское лесничество. Песчаная степь.', 3000, 'Назарова Н.А.', NULL, 5.00, 'Helichrysum arenarium (L.) Moench ', '2021-03-14 08:25:11', '2021-03-14 08:25:11', NULL, 0),
(201, 14, 3, 148, '{\"lat\": \"53.222757\", \"lng\": \"49.203051\"}', 0, NULL, '1986-07-20 20:00:00', 148, 'Alyssum lenense Adams', 'Бурачок ленский', 'Самарская обл., Ставропольский р-н, 2-3 км к востоку от с. Жигули, Молодецкий курган, южный склон. Известняк.', 1500, 'Головин В.И.', 'Головин В.И.', 3.00, 'Alyssum lenense Adams', '2021-03-14 08:25:11', '2021-03-14 08:25:11', NULL, 0),
(202, 14, 3, 149, '{\"lat\": \"53.224496\", \"lng\": \"49.194956\"}', 0, NULL, '1986-07-08 20:00:00', 149, 'Schivereckia hyperborea (L.) Berkutenko', 'Шиверекия северная', 'Самарская обл., Ставропольский р-н, 3 км к востоку от с. Жигули, Молодецкий курган, западный склон.', 1500, 'Головин В.И.', 'Плаксина Т.И.', 2.00, 'Schivereckia hyperborea (L.) Berkutenko', '2021-03-14 08:25:11', '2021-03-14 08:25:11', NULL, 0),
(203, 14, 3, 150, '{\"lat\": \"53.224554\", \"lng\": \"49.201706\"}', 0, NULL, '1986-07-26 20:00:00', 150, 'Schivereckia hyperborea (L.) Berkutenko', 'Шиверекия северная', 'Самарская обл., Ставропольский р-н, 3 км к востоку от с. Жигули Молодецкий курган, юго-западный склон.', 1500, 'Головин В.И.', 'Головин В.И.', 2.00, 'Schivereckia hyperborea (L.) Berkutenko', '2021-03-14 08:25:11', '2021-03-14 08:25:11', NULL, 0),
(204, 14, 3, 209, '{\"lat\": \"53.28173\", \"lng\": \"48.545019\"}', 0, NULL, '1992-08-06 20:00:00', 209, 'Diplotaxis tenuifolia subsp. cretacea (Kotov) Sobrino Vesperinas', 'Двурядка меловая', 'Самарский обл., Шигонский р-н, 1 км от с. Левашовка. По склону холма, недалеко от родника.', 2000, 'Головин В.И., Плаксина Т.И.', NULL, 4.00, 'Diplotaxis cretacea Kotov', '2021-03-14 08:25:11', '2021-03-14 08:25:11', NULL, 0),
(205, 13, 3, 210, '{\"lat\": \"53.104026\", \"lng\": \"54.04352\", \"title\": null}', 1, '2021-05-17 18:47:33', '2005-06-10 20:00:00', 210, 'Astragalus scopaeformis Ledeb.', 'Астрагал вениковидный', 'Оренбургская обл., Пономаревский р-н, 1 км на север от с. Алябьево. Разнотравные плотнодерновинные степи.', 500, 'Рыжкова О.В.', NULL, 3.00, 'Astragalus scopaeformis Ledeb.', '2021-03-14 08:25:11', '2021-05-17 18:47:35', NULL, 3),
(206, 13, 3, 245, '{\"lat\": \"53.175213\", \"lng\": \"50.46464\"}', 0, NULL, '2008-05-14 20:00:00', 245, 'Astragalus zingeri Korzchinsky', 'Астрагал Цингера', 'Самарская обл., Кинельский р-н, окр. с. Преображенка. Степные холмы.', 4000, 'Кудашкина Т.А., Картавых Т.Н.', 'Сытин А.К.', 3.00, 'Astragalus zingeri Korzchinsky', '2021-03-14 08:25:11', '2021-03-14 08:25:11', NULL, 0),
(207, 13, 3, 246, '{\"lat\": \"53.175213\", \"lng\": \"50.46464\"}', 0, NULL, '2008-05-14 20:00:00', 246, 'Astragalus zingeri Korzchinsky', 'Астрагал Цингера', 'Самарская обл., Кинельский р-н, окр. с. Преображенка. Степные холмы.', 4000, 'Кудашкина Т.А., Картавых Т.Н.', 'Сытин А.К.', 3.00, 'Astragalus zingeri Korzchinsky', '2021-03-14 08:25:11', '2021-03-14 08:25:11', NULL, 0),
(208, 1, 3, 5, '{\"lat\": \"54.194764\", \"lng\": \"51.115201\"}', 0, NULL, '2014-06-24 20:00:00', 5, 'Bupleurum longifolium subsp. aureum (Fisch ex Hoffm.) Soó ', 'Володушка золотистая', 'Самарская обл., Челно-Вершинский р-н, вблизи п.п. \"Дубрава водоохранная\". Лесная поляна.', 5000, 'Корчикова Т.А., Буранова Ю.Г.', 'Плаксина Т.И.', 3.00, 'Bupleurum aureum (Hoffm.) Fisch. ex Hoffm.', '2021-03-14 08:28:20', '2021-03-14 08:28:20', NULL, 0),
(209, 15, 3, 40, '{\"lat\": \"53.152287\", \"lng\": \"49.105873\"}', 0, NULL, '1992-09-08 20:00:00', 40, 'Helichrysum arenarium (L.) Moench ', 'Цмин песчаный', 'Самарская обл., Безенчукский р-н, Усинский залив, дер. Переволоки. Лесная  поляна у дороги, в сосняках.', 1500, 'Бочкарева Г.В.', NULL, 5.00, 'Helichrysum arenarium (L.) Moench ', '2021-03-14 08:28:20', '2021-03-14 08:28:20', NULL, 0),
(210, 15, 3, 42, '{\"lat\": \"5.2582933\", \"lng\": \"51.14635\"}', 0, NULL, '1986-07-11 20:00:00', 42, 'Helichrysum arenarium (L.) Moench ', 'Цмин песчаный', 'Куйбышевская обл., Кинельский р-н, Красносамарское лесничество. Песчаная степь.', 3000, 'Назарова Н.А.', NULL, 5.00, 'Helichrysum arenarium (L.) Moench ', '2021-03-14 08:28:20', '2021-03-14 08:28:20', NULL, 0),
(211, 14, 3, 148, '{\"lat\": \"53.222757\", \"lng\": \"49.203051\"}', 0, NULL, '1986-07-20 20:00:00', 148, 'Alyssum lenense Adams', 'Бурачок ленский', 'Самарская обл., Ставропольский р-н, 2-3 км к востоку от с. Жигули, Молодецкий курган, южный склон. Известняк.', 1500, 'Головин В.И.', 'Головин В.И.', 3.00, 'Alyssum lenense Adams', '2021-03-14 08:28:20', '2021-03-14 08:28:20', NULL, 0),
(212, 14, 3, 149, '{\"lat\": \"53.224496\", \"lng\": \"49.194956\"}', 0, NULL, '1986-07-08 20:00:00', 149, 'Schivereckia hyperborea (L.) Berkutenko', 'Шиверекия северная', 'Самарская обл., Ставропольский р-н, 3 км к востоку от с. Жигули, Молодецкий курган, западный склон.', 1500, 'Головин В.И.', 'Плаксина Т.И.', 2.00, 'Schivereckia hyperborea (L.) Berkutenko', '2021-03-14 08:28:20', '2021-03-14 08:28:20', NULL, 0),
(213, 14, 3, 150, '{\"lat\": \"53.224554\", \"lng\": \"49.201706\"}', 0, NULL, '1986-07-26 20:00:00', 150, 'Schivereckia hyperborea (L.) Berkutenko', 'Шиверекия северная', 'Самарская обл., Ставропольский р-н, 3 км к востоку от с. Жигули Молодецкий курган, юго-западный склон.', 1500, 'Головин В.И.', 'Головин В.И.', 2.00, 'Schivereckia hyperborea (L.) Berkutenko', '2021-03-14 08:28:20', '2021-03-14 08:28:20', NULL, 0),
(214, 14, 3, 209, '{\"lat\": \"53.28173\", \"lng\": \"48.545019\"}', 0, NULL, '1992-08-06 20:00:00', 209, 'Diplotaxis tenuifolia subsp. cretacea (Kotov) Sobrino Vesperinas', 'Двурядка меловая', 'Самарский обл., Шигонский р-н, 1 км от с. Левашовка. По склону холма, недалеко от родника.', 2000, 'Головин В.И., Плаксина Т.И.', NULL, 4.00, 'Diplotaxis cretacea Kotov', '2021-03-14 08:28:20', '2021-03-14 08:28:20', NULL, 0),
(215, 13, 3, 210, '{\"lat\": \"53.104026\", \"lng\": \"54.04352\", \"title\": null}', 1, '2021-05-17 18:47:41', '2005-06-10 20:00:00', 210, 'Astragalus scopaeformis Ledeb.', 'Астрагал вениковидный', 'Оренбургская обл., Пономаревский р-н, 1 км на север от с. Алябьево. Разнотравные плотнодерновинные степи.', 500, 'Рыжкова О.В.', 'Сытин А.К.1', 3.00, 'Astragalus scopaeformis Ledeb.', '2021-03-14 08:28:20', '2021-06-06 21:00:54', NULL, 7),
(216, 13, 3, 245, '{\"lat\": \"53.175213\", \"lng\": \"50.46464\"}', 0, NULL, '2008-05-14 20:00:00', 245, 'Astragalus zingeri Korzchinsky', 'Астрагал Цингера', 'Самарская обл., Кинельский р-н, окр. с. Преображенка. Степные холмы.', 4000, 'Кудашкина Т.А., Картавых Т.Н.', 'Сытин А.К.', 3.00, 'Astragalus zingeri Korzchinsky', '2021-03-14 08:28:20', '2021-03-14 08:28:20', NULL, 0),
(217, 13, 3, 246, '{\"lat\": \"53.175213\", \"lng\": \"50.46464\"}', 0, NULL, '2008-05-14 20:00:00', 246, 'Astragalus zingeri Korzchinsky', 'Астрагал Цингера', 'Самарская обл., Кинельский р-н, окр. с. Преображенка. Степные холмы.', 4000, 'Кудашкина Т.А., Картавых Т.Н.', 'Сытин А.К.', 3.00, 'Astragalus zingeri Korzchinsky', '2021-03-14 08:28:20', '2021-03-14 08:28:20', NULL, 0),
(218, 13, 3, 247, '{\"lat\": \"53.183791\", \"lng\": \"50.453996\"}', 0, NULL, '2008-06-14 20:00:00', 247, 'Astragalus zingeri Korzchinsky', 'Астрагал Цингера', 'Самарская обл., Кинельский р-н.Степные холмы в окр. д/м Гвардейцы.', 1000, 'Кудашкина Т.А., Картавых Т.Н.', NULL, 3.00, 'Astragalus zingeri Korzchinsky', '2021-03-14 08:28:20', '2021-03-14 08:28:20', NULL, 0),
(219, 13, 3, 249, '{\"lat\": \"53.175213\", \"lng\": \"50.46464\"}', 0, NULL, '2008-05-14 20:00:00', 249, 'Astragalus zingeri Korzchinsky', 'Астрагал Цингера', 'Самарская обл., Кинельский р-н, окр. с. Преображенка. Степные холмы.', 4000, 'Кудашкина Т.А., Картавых Т.Н.', 'Сытин А.К.', 3.00, 'Astragalus zingeri Korzchinsky', '2021-03-14 08:28:20', '2021-03-14 08:28:20', NULL, 0),
(220, 13, 3, 251, '{\"lat\": \"53.241596\", \"lng\": \"49.184204\"}', 0, NULL, '1986-07-20 20:00:00', 251, 'Astragalus zingeri Korzchinsky', 'Астрагал Цингера', 'Самарская обл., Ставропольский р-н, Молодецкий курган. Южный склон, известняк.', 6000, 'Головин В.И.', NULL, 3.00, 'Astragalus zingeri Korzchinsky', '2021-03-14 08:28:20', '2021-03-14 08:28:20', NULL, 0),
(221, 13, 3, 254, '{\"lat\": \"53.152402\", \"lng\": \"48.36368\"}', 0, NULL, '1990-06-04 20:00:00', 254, 'Astragalus scopaeformis Ledeb.', 'Астрагал вениковидный', 'Куйбышевская обл., Сызранский р-н, окр. с. Троекуровки. Каменистая степь на склонах.', 1000, 'Раков Н.С.', 'Сытин А.К.', 3.00, 'Astragalus scopaeformis Ledeb.', '2021-03-14 08:28:20', '2021-03-14 08:28:20', NULL, 0),
(222, 13, 3, 262, '{\"lat\": \"52.32168\", \"lng\": \"51.133392\"}', 0, NULL, '2010-05-25 20:00:00', 262, 'Astragalus scopaeformis Ledeb.', 'Астрагал вениковидный', 'Самарская обл., Большечерниговский р-н, 4 км на восток от с. Верхние Росташи. Степные холмы.', 1000, 'Кудрявцева Е.А., Колошко Н.В.', 'Сытин А.К.', 3.00, 'Astragalus scopaeformis Ledeb.', '2021-03-14 08:28:20', '2021-03-14 08:28:20', NULL, 0),
(223, 13, 3, 263, '{\"lat\": \"53.282570\", \"lng\": \"53.2867\"}', 0, NULL, '2005-06-27 20:00:00', 263, 'Astragalus scopaeformis Ledeb.', 'Астрагал вениковидный', 'Оренбургская обл., Алексеевский р-н. окр. с. Старокульшарипово.', 1000, 'Плаксина Т.И., Рыжкова О.В.', 'Сытин А.К.', 3.00, 'Astragalus scopaeformis Ledeb.', '2021-03-14 08:28:20', '2021-03-14 08:28:20', NULL, 0),
(224, 13, 3, 268, '{\"lat\": \"53.132594\", \"lng\": \"50.393823\"}', 0, NULL, '2004-06-06 20:00:00', 268, 'Astragalus macropus Bunge', 'Астрагал длинноножковый', 'Самарская обл., Кинельский р-н, 1 км на  сев.-восток от г. Кинель. Луговая степь.', 100, 'Корчиков Е.С.', 'Сытин А.К.', 5.00, 'Astragalus macropus Bunge', '2021-03-14 08:28:20', '2021-03-14 08:28:20', NULL, 0),
(225, 13, 3, 269, '{\"lat\": \"51.475175\", \"lng\": \"50.584773\"}', 0, NULL, '2010-05-24 20:00:00', 269, 'Astragalus macropus Bunge', 'Астрагал длинноножковый', 'Оренбургская обл., Первомайский р-н, окр. п. Курлин.', 1500, 'Кудрявцева Е.А., Колошко Н.В.', 'Сытин А.К.', 5.00, 'Astragalus macropus Bunge', '2021-03-14 08:28:20', '2021-03-14 08:28:20', NULL, 0),
(226, 13, 3, 270, '{\"lat\": \"53.304743\", \"lng\": \"51.464396\"}', 0, NULL, '2009-05-22 20:00:00', 270, 'Astragalus macropus Bunge', 'Астрагал длинноножковый', 'Самарская обл., Похвистневский р-н, с.-з. окраина с. М. Толкай. Разнотравно-ковыльная степь.', 1000, 'Кудашкина Т.И.', 'Кудашкина Т.И., Сытин А.К.', 5.00, 'Astragalus macropus Bunge', '2021-03-14 08:28:20', '2021-03-14 08:28:20', NULL, 0),
(227, 13, 3, 271, '{\"lat\": \"51.475175\", \"lng\": \"50.584773\"}', 0, NULL, '2010-05-24 20:00:00', 271, 'Astragalus macropus Bunge', 'Астрагал длинноножковый', 'Оренбургская обл., Первомайский р-н, п. Курлин.', 1500, 'Кудрявцева Е.А., Колошко Н.В.', 'Сытин А.К.', 5.00, 'Astragalus macropus Bunge', '2021-03-14 08:28:20', '2021-03-14 08:28:20', NULL, 0),
(228, 13, 3, 272, '{\"lat\": \"52.54932\", \"lng\": \"51.134791\"}', 0, NULL, '2010-05-25 20:00:00', 272, 'Astragalus macropus Bunge', 'Астрагал длинноножковый', 'Самарская обл., Большечерниговский р-н, 6 км на с.-в. от с. Верхние Росташи.', 1000, 'Кудрявцева Е.А., Колошко Н.В.', 'Сытин А.К.', 5.00, 'Astragalus macropus Bunge', '2021-03-14 08:28:20', '2021-03-14 08:28:20', NULL, 0),
(229, 13, 3, 273, '{\"lat\": \"53.415185\", \"lng\": \"53.111992\"}', 0, NULL, '2007-07-18 20:00:00', 273, 'Astragalus macropus Bunge', 'Астрагал длинноножковый', 'Оренбургская обл., Алексеевский р-н, 2 км на с.-в. от с. Мочегай. Каменистые степи.', 500, 'Канова Е.Г., Ефименко В.А.', 'Сытин А.К.', 5.00, 'Astragalus macropus Bunge', '2021-03-14 08:28:20', '2021-03-14 08:28:20', NULL, 0),
(230, 13, 3, 274, '{\"lat\": \"52.54932\", \"lng\": \"51.134791\"}', 0, NULL, '2010-05-25 20:00:00', 274, 'Astragalus macropus Bunge', 'Астрагал длинноножковый', 'Самарская обл., Большечерниговский р-н, 6 км на с.-в. от с. Верхние Росташи.', 1000, 'Кудрявцева Е.А., Колошко Н.В.', 'Сытин А.К.', 5.00, 'Astragalus macropus Bunge', '2021-03-14 08:28:20', '2021-03-14 08:28:20', NULL, 0),
(231, 13, 3, 275, '{\"lat\": \"52.54932\", \"lng\": \"51.134791\"}', 0, NULL, '2010-05-25 20:00:00', 275, 'Astragalus macropus Bunge', 'Астрагал длинноножковый', 'Самарская обл., Большечерниговский р-н, 6 км на с.-в. от с. Верхние Росташи.', 1000, 'Кудрявцева Е.А., Колошко Н.В.', 'Сытин А.К.', 5.00, 'Astragalus macropus Bunge', '2021-03-14 08:28:20', '2021-03-14 08:28:20', NULL, 0),
(232, 13, 3, 276, '{\"lat\": \"52.54932\", \"lng\": \"51.134791\"}', 0, NULL, '2010-05-25 20:00:00', 276, 'Astragalus macropus Bunge', 'Астрагал длинноножковый', 'Самарская обл., Большечерниговский р-н, 6 км на с.-в. от с. Верхние Росташи.', 1000, 'Кудрявцева Е.А., Колошко Н.В.', 'Сытин А.К.', 5.00, 'Astragalus macropus Bunge < A. pallescens ', '2021-03-14 08:28:20', '2021-03-14 08:28:20', NULL, 0),
(233, 1, 3, 351, '{\"lat\": \"53.93017\", \"lng\": \"48.212083\"}', 0, NULL, '2008-05-20 20:00:00', 351, 'Iris aphylla L.', 'Ирис безлистный', 'Самарская обл., Сызранский р-н, окр. ст. Новообразцовое. Дубрава в окружении песчаной степи.', 500, 'Плаксина Т.И., Калашникова О.В., Попова Д.С.', NULL, 3.00, 'Iris aphylla L.', '2021-03-14 08:28:20', '2021-03-14 08:28:20', NULL, 0),
(234, 13, 3, 440, '{\"lat\": \"53.403873\", \"lng\": \"52.92144\"}', 0, NULL, '1986-08-08 20:00:00', 440, 'Astragalus helmii Fisch. ex DC.', 'Астрагал Гельма', 'Самарская обл., Похвистневский р-н, 4-5 км к северу от г. Похвистнево, г. Копейка.', 1000, 'Головин В.И.', NULL, 3.00, 'Astragalus helmii  Fisch.', '2021-03-14 08:28:20', '2021-03-14 08:28:20', NULL, 0),
(235, 13, 3, 441, '{\"lat\": \"53.24812\", \"lng\": \"49.184197\"}', 0, NULL, '1986-07-20 20:00:00', 441, 'Astragalus helmii Fisch. ex DC.', 'Астрагал Гельма', 'Самарская обл., Ставропольский р-н, Молодецкий курган, южный склон, известняк.', 3000, 'Головин В.И.', NULL, 3.00, 'Astragalus helmii  Fisch.', '2021-03-14 08:28:20', '2021-03-14 08:28:20', NULL, 0),
(236, 13, 3, 442, '{\"lat\": \"53.24812\", \"lng\": \"49.184197\"}', 0, NULL, '1986-07-20 20:00:00', 442, 'Astragalus helmii Fisch. ex DC.', 'Астрагал Гельма', 'Самарская обл., Ставропольский р-н, Молодецкий курган. Южный склон, известняк.', 3000, 'Головин В.И.', NULL, 3.00, 'Astragalus helmii Fisch.', '2021-03-14 08:28:20', '2021-03-14 08:28:20', NULL, 0),
(237, 13, 3, 444, '{\"lat\": \"53.263625\", \"lng\": \"53.81265\"}', 0, NULL, '2006-07-27 20:00:00', 444, 'Astragalus cornutus Pall.', 'Астрагал рогоплодный', 'Оренбургская обл., Алексеевский р-н, 1 км на с.-в. от с. Тарханы. Заросли кустарников.', 500, 'Рыжкова О.В., Кудашкина Т.А.', NULL, 3.00, 'Astragalus cornutus Pall.', '2021-03-14 08:28:20', '2021-03-14 08:28:20', NULL, 0),
(238, 13, 3, 445, '{\"lat\": \"53.263625\", \"lng\": \"53.81265\"}', 0, NULL, '2006-07-27 20:00:00', 445, 'Astragalus cornutus Pall.', 'Астрагал рогоплодный', 'Оренбургская обл., Алексеевский р-н, 1 км на с.-в. от с. Тарханы. Заросли кустарников.', 500, 'Рыжкова О.В., Кудашкина Т.А.', NULL, 3.00, 'Astragalus cornutus Pall.', '2021-03-14 08:28:20', '2021-03-14 08:28:20', NULL, 0),
(239, 13, 3, 446, '{\"lat\": \"53.263625\", \"lng\": \"53.81265\"}', 0, NULL, '2006-07-27 20:00:00', 446, 'Astragalus cornutus Pall.', 'Астрагал рогоплодный', 'Оренбургская обл., Алексеевский р-н, 1 км на с.-в. от с. Тарханы. Участок кустарниковых зарослей.', 500, 'Рыжкова О.В., Кудашкина Т.А.', NULL, 3.00, 'Astragalus cornutus Pall.', '2021-03-14 08:28:20', '2021-03-14 08:28:20', NULL, 0),
(241, 1, 3, 623, '{\"lat\": \"53.134179\", \"lng\": \"50.01329\"}', 0, NULL, '1996-09-10 20:00:00', 623, 'Gentiana pneumonanthe L.', 'Горечавка лёгочная', 'Самарская обл., Волжский р-н, с. Рождествено, дорога на Шелехметь. Долина реки Волги, луг около естественного водоема.', 4000, 'Сергеев А.В.', 'Нечаев А.В.', 3.00, 'Gentiana pneumonanthe L.', '2021-03-14 08:28:20', '2021-03-14 08:28:20', NULL, 0),
(242, 1, 3, 624, '{\"lat\": \"51.484117\", \"lng\": \"54.91051\"}', 0, NULL, '2007-07-17 20:00:00', 624, 'Gentiana cruciata L.', 'Горечавка перекрёстнолистная', 'Оренбургская обл., Алексеевский р-н, окр. с. Алексеевка. Разнотравно-овсецовая степь.', 3000, 'Попова Д.С.', NULL, NULL, 'Gentiana cruciata L.', '2021-03-14 08:28:20', '2021-03-14 08:28:20', NULL, 0),
(243, 15, 3, 684, '{\"lat\": \"5.2582933\", \"lng\": \"51.14635\"}', 0, NULL, '1986-07-11 20:00:00', 684, 'Helichrysum arenarium (L.) Moench', 'Цмин песчаный', 'Куйбышевская обл. Красносамарское лесничество. Арена р. Самары, песчаная степь.', 3000, 'Поздняков Ю.Н., Киселев С.А.', 'Гуро А.В.', 5.00, 'Helichrysum arenarium (L.) Moench', '2021-03-14 08:28:20', '2021-03-14 08:28:20', NULL, 0),
(244, 1, 3, 716, '{\"lat\": \"53.93017\", \"lng\": \"48.212083\"}', 0, NULL, '2008-05-20 20:00:00', 716, 'Pulsatilla pratensis (L.) Miller', 'Прострел луговой', 'Самарская обл., Сызранский р-н, окр. ст. Новообразцовое. Дубрава на границе с ковыльно-песчаной степью.', 500, 'Плаксина Т.И., Калашникова О.В., Попова Д.С.', NULL, 2.00, 'Pulsatilla pratensis (L.) Miller', '2021-03-14 08:28:20', '2021-03-14 08:28:20', NULL, 0),
(245, 1, 3, 717, '{\"lat\": \"53.93017\", \"lng\": \"48.212083\"}', 0, NULL, '2008-05-20 20:00:00', 717, 'Pulsatilla pratensis (L.) Miller', 'Прострел луговой', 'Самарская обл., Сызранский р-н, окр. ст. Новообразцовое. Ковыльно-песчаная степь в окружении дубрав.', 500, 'Плаксина Т.И., Калашникова О.В., Попова Д.С.', NULL, 2.00, 'Pulsatilla pratensis (L.) Miller', '2021-03-14 08:28:20', '2021-03-14 08:28:20', NULL, 0),
(246, 1, 3, 718, '{\"lat\": \"53.93017\", \"lng\": \"48.212083\"}', 0, NULL, '2008-05-20 20:00:00', 718, 'Pulsatilla patens (L.) Mill.', 'Прострел раскрытый', 'Самарская обл., Сызранский р-н, окр. ст. Новообразцовое. Песчаная степь в окружении дубрав.', 500, 'Плаксина Т.И., Калашникова О.В., Попова Д.С.', NULL, 5.00, 'Pulsatilla patens (L.) Mill.', '2021-03-14 08:28:20', '2021-03-14 08:28:20', NULL, 0),
(247, 13, 3, 815, '{\"lat\": \"53.382184\", \"lng\": \"51.234306\"}', 0, NULL, '2016-06-08 20:00:00', 815, 'Asparagus officinalis L. ', 'Спаржа лекарственная', 'Самарская  обл., Кинель-Черкасский р-н, памятник природы \"Сарбайская лесостепь\". Луг.', 7000, 'Кисленок А.П.', 'Плаксина Т.И.', NULL, 'Asparagus polyphyllus Steven ex Ledeb.', '2021-03-14 08:28:20', '2021-03-14 08:28:20', NULL, 0),
(248, 13, 3, 817, '{\"lat\": \"53.202891\", \"lng\": \"52.72515\", \"title\": null}', 1, '2021-05-01 19:56:28', '2016-05-12 20:00:00', 817, 'Astragalus macropus Bunge', 'Астрагал длинноножковый', 'Самарская  обл., Кинель-Черкасский р-н, памятник природы \"Урочище в верховьях реки Кувайки\". Разнотравно-ковыльная степь по склону реки Кувайки', 4000, 'Кисленок А.П.', 'Плаксина Т.И.', 5.00, 'Astragalus macropus Bunge', '2021-03-14 08:28:20', '2021-05-13 08:28:48', NULL, 0),
(249, 14, 3, 839, '{\"lat\": \"52.144566\", \"lng\": \"50.23968\"}', 0, NULL, '1997-05-31 20:00:00', 839, 'Lepidium coronopifolium Fisch. ex DC. ', 'Клоповник воронцелистный', 'Самарская обл.,  Пестравский р-н, Манурин Дол в 17 км к югу от с. Высокое. Общий сырт. Ковыльная степь.', 3000, 'Лазарева И.О., Пахомова И.П.', NULL, 3.00, 'Lepidium coronopifolium Fisch. ex Ledeb.', '2021-03-14 08:28:20', '2021-03-14 08:28:20', NULL, 0);
INSERT INTO `museum_posts` (`id`, `category_id`, `user_id`, `inventory_number`, `coordinates`, `is_published`, `published_at`, `collection_date`, `barcode`, `adopted_name`, `russian_name`, `label_text`, `accuracy`, `collectors`, `determination`, `environmental_status`, `label_name`, `created_at`, `updated_at`, `deleted_at`, `count_views`) VALUES
(250, 1, 3, 882, '{\"lat\": \"53.525790\", \"lng\": \"52.74516\"}', 0, NULL, '1989-07-13 20:00:00', 882, 'Epipactis helleborine (L.) Crantz', 'Дремлик широколистный', 'Куйбышевская обл., Похвистневский р-н, окр. с. Кротково. Лиственный лес на водоразделе, просека, квартал 106, 116.', 7000, 'Размыслова И.Ю., Андреева Н.В.', NULL, NULL, 'Epipactis helleborine (L.) Crantz', '2021-03-14 08:28:20', '2021-03-14 08:28:20', NULL, 0),
(251, 15, 3, 937, '{\"lat\": \"53.525790\", \"lng\": \"52.74516\"}', 0, NULL, '1989-07-13 20:00:00', 937, 'Rhaponticoides ruthenica (Lam.) M. V. Agab. et Greuter', 'Василёк русский', 'Куйбышевская обл., Похвистневский р-н, окр. с. Кротково. Лиственный лес на водоразделе, поляна.', 7000, 'Размыслова И.Ю., Андреева Н.В.', NULL, NULL, 'Centaurea ruthenica Lam.', '2021-03-14 08:28:20', '2021-03-14 08:28:20', NULL, 0),
(252, 1, 3, 955, '{\"lat\": \"51.471176\", \"lng\": \"50.455855\"}', 0, NULL, '1990-10-10 20:00:00', 955, 'Camphorosma monspeliaca L. ', 'Камфоросма монпельинская', 'Самарская и Оренбургская области на южной границе. Большечерниговский р-н Самарской обл. Общий Сырт. Урочище Грызлы. Ковыльная степь с участками чернопыльной ассоциации.', 2000, 'Андреева Н.В.', 'Размыслова И.Ю.', 3.00, 'Camphorosma monspeliaca L. ', '2021-03-14 08:28:20', '2021-03-14 08:28:20', NULL, 0),
(253, 15, 3, 983, '{\"lat\": \"53.562589\", \"lng\": \"51.421785\"}', 0, NULL, '1990-07-14 20:00:00', 983, 'Helichrysum arenarium (L.) Moench', 'Цмин песчаный', 'Куйбышевская обл., Исаклинский р-н, окр. с. Бол. Микушкино. Каменистая степь. У Ишуткинского моста.', 2250, 'Вигдергауз М.М., Демина О.Е.', NULL, 5.00, 'Helichrysum arenarium (L.) Moench', '2021-03-14 08:28:21', '2021-03-14 08:28:21', NULL, 0),
(254, 1, 3, 990, '{\"lat\": \"53.563641\", \"lng\": \"51.39814\", \"title\": null}', 1, '2021-05-01 19:54:50', '1990-07-15 20:00:00', 990, 'Plantago maxima Juss. ex Jacq.', 'Подорожник наибольший', 'Куйбышевская обл., Исаклинский р-н, окр. с. Бол. Микушкино. Лиственный лес на возвышенности, вдоль дорог.', 2500, 'Демина О.Е., Вигдергауз М.М.', NULL, 5.00, 'Plantago maxima Juss. ex Jacq.', '2021-03-14 08:28:21', '2021-05-19 20:53:18', NULL, 1),
(255, 15, 3, 996, '{\"lat\": \"52.574911\", \"lng\": \"51.1468\"}', 0, NULL, '2011-06-25 20:00:00', 996, 'Rhaponticoides ruthenica (Lam.) M. V. Agab. et Greuter', 'Василёк русский', 'Самарская обл., Кинельский р-н, Красносамарское лесничество, Баринова поляна, кв. 117. Каменистая степь.', 300, 'Горина М.В., Пушкина С.А.', 'Горина М.В., Пушкина С.А.', NULL, 'Centaurea ruthenica Lam.', '2021-03-14 08:28:21', '2021-03-14 08:28:21', NULL, 0),
(256, 1, 3, 1015, '{\"lat\": \"52.59920\", \"lng\": \"51.31660\"}', 0, NULL, '2011-06-23 20:00:00', 1015, 'Melica altissima L.', 'Перловник высокий', 'Самарская обл., Кинельский р-н, Красносамарское лесничество, кв. 93. Опушка дубравы.', 1000, 'Горина М.В., Пушкина С.А.', 'Горина М.В., Пушкина С.А.', NULL, 'Melica altissima L.', '2021-03-14 08:28:21', '2021-03-14 08:28:21', NULL, 0),
(257, 1, 3, 1090, '{\"lat\": \"53.191094\", \"lng\": \"50.71376\"}', 0, NULL, '2000-09-09 20:00:00', 1090, 'Bupleurum falcatum L.', 'Володушка серповидная', 'Самарская обл., Волжский р-н, окр. с. Гаврилова поляна. Берег оз. Иордана.', 3600, 'Гущина Ю.А., Шаронова И.В.', 'Плаксина Т.И.', 3.00, 'Bupleurum falcatum L.', '2021-03-14 08:28:21', '2021-03-14 08:28:21', NULL, 0),
(258, 1, 3, 1093, '{\"lat\": \"53.192874\", \"lng\": \"51.513103\"}', 0, NULL, '2011-06-29 20:00:00', 1093, 'Palimbia turgaica Lipsky', 'Палимбия тургайская', 'Самарская обл., Кинель-Черкасский р-н, 1,5 км на северо-запад от с. Новые Ключи. Степь.', 1000, 'Михина Е.А., Серебряков И.С.', 'Корчикова Т.А.', 3.00, 'Palimbia turgaica Lipsky ex Woronow', '2021-03-14 08:28:21', '2021-03-14 08:28:21', NULL, 0),
(259, 1, 3, 1096, '{\"lat\": \"53.8761\", \"lng\": \"48.21255\"}', 0, NULL, '2013-05-11 20:00:00', 1096, 'Pulsatilla pratensis (L.) Miller', 'Прострел луговой', 'Самарская обл., Сызранский  р-н, Засызранская слобода. Дубрава с песчаными полянами. Под пологом отцветающая популяция P. pratensis.', 4000, 'Плаксина Т.И.', NULL, 2.00, 'Pulsatilla pratensis (L.) Mill.', '2021-03-14 08:28:21', '2021-03-14 08:28:21', NULL, 0),
(260, 1, 3, 1109, '{\"lat\": \"53.204063\", \"lng\": \"48.271879\"}', 0, NULL, '1986-06-27 20:00:00', 1109, 'Polemonium caeruleum subsp. himalayanum (Baker) H. Hara', 'Синюха голубая', 'Самарская обл., Сызранский р-н, 4-5 км к ю.-в. от с. Троицкого, Бутырский овраг.', 2000, 'Максимова В.И., Ларионова А.В., Забалканская Е.А.', NULL, 3.00, 'Polemonium caeruleum L.', '2021-03-14 08:28:21', '2021-03-14 08:28:21', NULL, 0),
(261, 1, 3, 1120, '{\"lat\": \"53.182158\", \"lng\": \"53.182158\", \"title\": null}', 1, '2021-05-01 19:54:42', '2000-10-04 20:00:00', 1120, 'Thymus guberlinensis Iljin', 'Тимьян губерлинский', 'Самарская обл., Волжский р-н, окр. г. Самары, Студеный овраг, г. Лысая. Обнажения известняка.', 600, 'Гущина Ю.А., Шаронова И.В.', 'Плаксина Т.И.', 3.00, 'Thymus zheguliensis Klok. et Shost.', '2021-03-14 08:28:21', '2021-05-01 19:54:43', NULL, 0),
(262, 1, 3, 1121, '{\"lat\": \"53.415285\", \"lng\": \"48.504354\", \"title\": null}', 1, '2021-05-01 19:54:31', '2000-09-06 20:00:00', 1121, 'Thymus dubjanskyi Klokov et Des.-Shost.', 'Тимьян Дубянского', 'Самарская обл., Шигонский р-н, с. Подвалье. Юг Сенгилеевской возвышенности. На мелах.', 1500, 'Гущина Ю.А., Шаронова И.В.', 'Плаксина Т.И.', 3.00, 'Thymus dubjanskii Klok. et Shost.', '2021-03-14 08:28:21', '2021-05-17 20:12:29', NULL, 7),
(263, 1, 3, 1126, '{\"lat\": \"53.2844\", \"lng\": \"52.63898\", \"title\": null}', 1, '2021-05-01 19:54:22', '2013-05-27 20:00:00', 1126, 'Pulsatilla patens (L.) Mill.', 'Прострел раскрытый', 'Оренбургская обл., Бузулукский бор, Боровое-Опытное лесничество, кв. 197. В сосновом лесу.', 1000, 'Плаксина Т.И.', NULL, 5.00, 'Pulsatilla patens (L.) Mill.', '2021-03-14 08:28:21', '2021-05-01 19:54:24', NULL, 0),
(264, 1, 3, 1140, '{\"lat\": \"53.13874\", \"lng\": \"52.63728\"}', 0, NULL, '2013-05-06 20:00:00', 1140, 'Chimaphila umbellata (L.) W. Barton', 'Зимолюбка зонтичная', 'Оренбургская обл., Бузулукский бор, Боровое-Опытное лесничество, кв. 215. В сосновом лесу.', 1000, 'Калашникова О.В., Плаксина Т.И.', NULL, 3.00, 'Chimaphila umbellata (L.) W.P.C. Barton', '2021-03-14 08:28:21', '2021-03-14 08:28:21', NULL, 0),
(265, 1, 3, 1158, '{\"lat\": \"53.2844\", \"lng\": \"52.63898\"}', 0, NULL, '2013-05-27 20:00:00', 1158, 'Orthilia secunda (L.) House', 'Ортилия однобокая', 'Оренбургская обл., Бузулукский бор, Боровое-Опытное лесничество, кв. 197. В сосновом лесу, с участием березы.', 1000, 'Калашникова О.В., Плаксина Т.И.', 'Плаксина Т.И.', NULL, 'Orthilia secunda (L.) House', '2021-03-14 08:28:21', '2021-03-14 08:28:21', NULL, 0),
(266, 1, 3, 1166, '{\"lat\": \"52.565950\", \"lng\": \"52.11342\", \"title\": null}', 1, '2021-05-01 19:54:14', '2013-06-21 20:00:00', 1166, 'Pyrola rotundifolia L.', 'Грушанка круглолистная', 'Оренбургская обл., Бузулукский бор, Колтубанское лесничество, кв. 15, выдел 22. В смешанном лесу.', 1000, 'Калашникова О.В., Плаксина Т.И.', 'Плаксина Т.И.', 3.00, 'Pyrola rotundifolia L.', '2021-03-14 08:28:21', '2021-05-01 19:54:16', NULL, 0),
(267, 1, 3, 1176, '{\"lat\": \"53.03523\", \"lng\": \"52.64320\", \"title\": null}', 1, '2021-05-01 19:54:06', '2013-05-06 20:00:00', 1176, 'Tulipa sylvestris subsp. australis (Link) Pamp. ', 'Тюльпан южный', 'Оренбургская обл., Бузулукский бор, Боровое-Опытное лесничество, кв. 31. Около дороги.', 1000, 'Калашникова О.В., Плаксина Т.И.', 'Плаксина Т.И.', NULL, 'Tulipa quercetorum Klokov et Zoz', '2021-03-14 08:28:21', '2021-05-17 19:55:03', NULL, 25),
(268, 1, 3, 1182, '{\"lat\": \"53.01425\", \"lng\": \"52.4772\", \"title\": null}', 1, '2021-05-01 19:56:42', '2013-05-06 20:00:00', 1182, 'Adonis vernalis L.', 'Адонис весенний', 'Оренбургская обл., Бузулукский бор, Боровое-Опытное лесничество, кв. 35. В сосновом лесу.', 1000, 'Калашникова О.В., Плаксина Т.И.', 'Плаксина Т.И.', 5.00, 'Adonis vernalis L.', '2021-03-14 08:28:21', '2021-05-18 18:16:21', NULL, 1),
(269, 1, 3, 1289, '{\"lat\": \"53.8761\", \"lng\": \"48.21255\", \"title\": null}', 1, '2021-05-01 19:53:56', '2013-05-11 20:00:00', 1289, 'Pulsatilla patens (L.) Mill.', 'Прострел раскрытый', 'Самарская обл., Сызранский р-н, Засызранская слобода. Дубрава с песчаными полянами. Под пологом отцветающая популяция P. pratensis, рядом растут популяции P. patens.', 4000, 'Плаксина Т.И.', NULL, 5.00, 'Pulsatilla patens (L.) Mill.', '2021-03-14 08:28:21', '2021-05-01 19:53:58', NULL, 0),
(270, 1, 3, 1291, '{\"lat\": \"53.8761\", \"lng\": \"48.21255\"}', 0, NULL, '2013-05-11 20:00:00', 1291, 'Pulsatilla patens (L.) Mill.', 'Прострел раскрытый', 'Самарская обл., Сызранский р-н, Засызранская слобода. Дубрава с песчаными полянами. Под пологом отцветающая популяция P. pratensis, рядом растут популяции P. patens.', 4000, 'Плаксина Т.И.', NULL, 5.00, 'Pulsatilla patens (L.) Mill.', '2021-03-14 08:28:21', '2021-03-14 08:28:21', NULL, 0),
(271, 1, 3, 1296, '{\"lat\": \"53.232022\", \"lng\": \"48.164744\"}', 0, NULL, '1986-06-19 20:00:00', 1296, 'Gymnocarpium robertianum (Hoffm.) Newman', 'Голокучник Роберта', 'Самарская обл., Сызранский р-н, 2 км от поселка Передовой, 7 км к западу от с. Троицкого, 37 кв. Овражное понижение, на земляных валунах, в основании днища оврага, северо-северозападная экспозиция.', 600, 'Боголепова Н.В., Вартанянц В.В.', NULL, 3.00, 'Gymnocarpium robertianum (Hoffm.) Newm.', '2021-03-14 08:28:21', '2021-03-14 08:28:21', NULL, 0),
(272, 1, 3, 1300, '{\"lat\": \"52.234550\", \"lng\": \"49.483381\", \"title\": null}', 1, '2021-05-01 19:53:47', '1997-05-27 20:00:00', 1300, 'Ornithogalum fischerianum Krasch. ', 'Птицемлечник Фишера', 'Самарская обл., Общий Сырт. Пестравский р-н, 10 км к западу от Пестравки, урочище Любимое. Степные холмы Сырта, по дороге выпаса скота.', 3000, 'Лазарева И.О., Пахомова И.П.', 'Кузовенко О.А.', 3.00, 'Ornithogalum fischeranum Krasch.', '2021-03-14 08:28:21', '2021-06-09 08:30:07', NULL, 3),
(273, 1, 3, 1310, '{\"lat\": \"52.234550\", \"lng\": \"49.483381\", \"title\": null}', 1, '2021-05-01 09:28:19', '1997-05-27 20:00:00', 1310, 'Tulipa sylvestris subsp. australis (Link) Pamp.', 'Тюльпан южный', 'Самарская обл.. Общий Сырт. Пестравский р-н, 10 км к западу от Пестравки, урочище Любимое. Степные холмы Сырта, по дороге выпаса скота.', 3000, 'Лазарева И.О., Пахомова И.П.', 'Кузовенко О.А.', NULL, 'Tulipa scythica Klokov et Zoz', '2021-03-14 08:28:21', '2021-06-06 20:52:35', NULL, 4),
(275, 1, 3, 1365, '{\"lat\": \"53.245903\", \"lng\": \"50.02150\"}', 0, NULL, '1986-06-12 20:00:00', 1365, 'Gymnocarpium robertianum (Hoffm.) Newman', 'Голокучник Роберта', 'Самарская обл., с. Ширяево. Каменные осыпи.', 2000, 'Головин В.И.', 'Головин В.И.', 3.00, 'Gymnocarpium robertianum (Hoffm.) Newm.', '2021-03-14 08:28:21', '2021-04-21 14:49:57', '2021-04-21 14:49:57', 0),
(276, 1, 3, 1366, '{\"lat\": \"53.245903\", \"lng\": \"50.02150\"}', 0, NULL, '1986-06-12 20:00:00', 1366, 'Gymnocarpium robertianum (Hoffm.) Newman', 'Голокучник Роберта', 'Самарская обл., с. Ширяево. Каменные осыпи, северная экспозиция.', 2000, 'Головин В.И.', 'Головин В.И.', 3.00, 'Gymnocarpium robertianum (Hoffm.) Newm.', '2021-03-14 08:28:21', '2021-04-21 14:49:57', '2021-04-21 14:49:57', 0),
(277, 1, 3, 1386, '{\"lat\": \"52.52330\", \"lng\": \"52.401939\"}', 0, NULL, '2003-06-26 20:00:00', 1386, 'Triglochin palustris L.', 'Триостренник болотный', 'Оренбургская обл., Грачевский р-н, в 3-4 км на юг от с. Ероховка. Сухореченские обрывы. По берегу р. Сухой Дол.', 1000, 'Шаронова И.В., Плаксина Т.И.', NULL, NULL, 'Triglochin palustre L.', '2021-03-14 08:28:21', '2021-04-21 14:49:57', '2021-04-21 14:49:57', 0),
(278, 1, 3, 1389, '{\"lat\": \"52.534816\", \"lng\": \"52.33211\"}', 0, NULL, '2011-07-03 20:00:00', 1389, 'Alisma bjoerkqvistii Tzvelev', 'Частуха Бъёркквиста', 'Оренбургская обл., Бузулукский р-н, Национальный парк \"Бузулукский бор\", 86 кв. Колтубанского лесничества. Заболоченный луг в долине реки Самары.', 500, 'Калашникова О.В., Плаксина Т.И., Лохманова Ю.О.', NULL, NULL, 'Alisma bjoerkqvistii Tzvel', '2021-03-14 08:28:21', '2021-04-21 14:49:57', '2021-04-21 14:49:57', 0),
(279, 1, 3, 1396, '{\"lat\": 53.18175433569352, \"lng\": 51.83246612548829, \"title\": \"fdf\"}', 0, NULL, '2014-06-09 20:00:00', 1396, 'Stipa pennata L.', 'Ковыль перистый', 'Самарская обл., Борский р-н, лес около с. Петровки. На открытых местах, с северной стороны леса, где растет Spiraea litv.', 13000, 'Плаксина Т.И., Шаланов И.В.', NULL, 5.00, 'Stipa pennata L.', '2021-03-14 08:28:21', '2021-04-21 14:49:57', '2021-04-21 14:49:57', 0),
(280, 1, 3, 1450, '{\"lat\": \"52.272687\", \"lng\": \"53.95068\"}', 0, NULL, '2004-09-14 20:00:00', 1450, 'Lomelosia isetensis (L.) J. Sojak', 'Скабиоза исетская', 'Оренбургская обл., Тоцкий р-н, окр. г. Сорочинска. Разнотравно-ковыльная степь, холмы Сырта.', 2000, 'Филатова Ю.А.', 'Филатова Ю.А.', NULL, 'Scabiosa isetensis L.', '2021-03-14 08:28:21', '2021-03-26 14:40:41', '2021-03-26 14:40:41', 0),
(281, 1, 3, 1584, '{\"lat\": \"53.01697\", \"lng\": \"52.34302\"}', 0, NULL, '2013-05-27 20:00:00', 1584, 'Pulsatilla patens (L.) Mill.', 'Прострел раскрытый', 'Оренбургская обл., Бузулукский бор. Боровое-опытное лесничество, кв. 34, выдел 4. Сосняк.', 1000, 'Плаксина Т.И.', NULL, 5.00, 'Pulsatilla patens (L.) Mill.', '2021-03-14 08:28:21', '2021-03-26 14:40:41', '2021-03-26 14:40:41', 0),
(282, 1, 3, 1591, '{\"lat\": \"53.01697\", \"lng\": \"52.34302\"}', 0, NULL, '2013-05-27 20:00:00', 1591, 'Pulsatilla patens (L.) Mill.', 'Прострел раскрытый', 'Оренбургская обл., Бузулукский бор. Боровое-опытное лесничество, кв. 34, выдел 4. Сосняк.', 1000, 'Плаксина Т.И.', NULL, 5.00, 'Pulsatilla patens (L.) Mill.', '2021-03-14 08:28:21', '2021-03-26 14:40:41', '2021-03-26 14:40:41', 0),
(283, 1, 3, 1605, '{\"lat\": \"53.131732\", \"lng\": \"50.23775\"}', 0, NULL, '2000-09-19 20:00:00', 1605, 'Salvinia natans (L.) All.', 'Сальвиния плавающая', 'Самарская обл., Волжский р-н, окр. с. Рождествено. В озере, на поверхности воды.', 2000, 'Малышева В.Ф.,Малышева Е.Ф.', 'Плаксина Т.И.', NULL, 'Salvinia natans (L.) All.', '2021-03-14 08:28:21', '2021-03-26 14:40:41', '2021-03-26 14:40:41', 0),
(284, 13, 3, 1621, '{\"lat\": \"53.283940\", \"lng\": \"53.15965\"}', 0, NULL, '2005-06-27 20:00:00', 1621, 'Astragalus helmii Fisch. ex DC.', 'Астрагал Гельма', 'Оренбургская обл., Алексеевский р-н, окр. с. Старокульшарипово. Степные холмы.', 2000, 'Плаксина Т.И., Рыжкова О.В.', 'Сытин А.К.', 3.00, 'Astragalus helmii Fisch.', '2021-03-14 08:28:21', '2021-03-26 14:40:41', '2021-03-26 14:40:41', 0),
(285, 13, 3, 1623, '{\"lat\": \"53.222757\", \"lng\": \"49.203051\"}', 0, NULL, '1986-07-20 20:00:00', 1623, 'Astragalus zingeri Korzchinsky', 'Астрагал Цингера', 'Самарская обл., Ставропольский р-н, Молодецкий курган. Южный склон, известняк.', 1500, 'Головин В.И.', NULL, 3.00, 'Astragalus zingeri Korsh.', '2021-03-14 08:28:21', '2021-03-26 14:40:41', '2021-03-26 14:40:41', 0),
(286, 1, 3, 1667, '{\"lat\": \"53.261168\", \"lng\": \"48.81707\"}', 0, NULL, '2006-07-22 20:00:00', 1667, 'Polypodium vulgare L.', 'Многоножка обыкновенная', 'Самарская обл., Сызранский р-н, Рачейские скалы. На склонах в сосновом лесу.', 500, 'Надина Т.С., Попова Д.С., Котенков Е.В.', NULL, 1.00, 'Polypodium vulgare L.', '2021-03-14 08:28:21', '2021-03-26 14:40:41', '2021-03-26 14:40:41', 0),
(287, 1, 3, 1823, '{\"lat\": \"53.124429\", \"lng\": \"50.4075\"}', 0, NULL, '1993-09-12 20:00:00', 1823, 'Salvinia natans (L.) All.', 'Сальвиния плавающая', 'Самарская обл., Волжский р-н, окр. с. Рождествено, в 1,5 км к югу от пристани. Пойма р. Волги. Проток Волги. Обычно.', 500, 'Ёлкина Е.М., Чеснокова О.Е.', NULL, NULL, 'Salvinia natans (L.) All.', '2021-03-14 08:28:21', '2021-03-26 14:40:41', '2021-03-26 14:40:41', 0),
(288, 13, 3, 1827, '{\"lat\": \"52.45764\", \"lng\": \"53.191089\"}', 0, NULL, '2004-06-05 20:00:00', 1827, 'Oxytropis floribunda (Pall.) DC.', 'Остролодочник яркоцветный', 'Оренбургская обл., Красногвардейский р-н, в 3 км к ю.-з. от п. Степного, п./п. Ванякина шишка. Степные склоны. Разнотравно-типчаково-полынная асс.', 500, 'Плаксина Т.И., Шаронова И.В., Авдеева Н.В.', NULL, 3.00, 'Oxytropis floribunda (Pall.) DC.', '2021-03-14 08:28:21', '2021-03-26 14:40:41', '2021-03-26 14:40:41', 0),
(289, 13, 3, 1828, '{\"lat\": \"52.45764\", \"lng\": \"53.191089\"}', 0, NULL, '2004-06-05 20:00:00', 1828, 'Astragalus scopaeformis Ledeb.', 'Астрагал вениковидный', 'Оренбургская обл., Красногвардейский р-н, в 3 км к ю.-з. от п. Степного, п./п. Ванякина шишка. Степные склоны. Разнотравно-типчаково-полынная асс.', 500, 'Плаксина Т.И., Шаронова И.В., Авдеева Н.В.', NULL, 3.00, 'Astragalus tenuifolius L.', '2021-03-14 08:28:21', '2021-03-26 14:40:41', '2021-03-26 14:40:41', 0),
(290, 15, 3, 1829, '{\"lat\": \"52.45764\", \"lng\": \"53.191089\"}', 0, NULL, '2004-06-05 20:00:00', 1829, 'Artemisia salsoloides Willd.', 'Полынь солянковидная', 'Оренбургская обл., Красногвардейский р-н, в 3 км к ю.-з. от п. Степного, п./п. Ванякина шишка. Степные склоны. Разнотравно-типчаково-полынная асс.', 500, 'Плаксина Т.И., Шаронова И.В., Авдеева Н.В.', NULL, 3.00, 'Artemisia salsoloides Willd.', '2021-03-14 08:28:21', '2021-03-26 14:40:41', '2021-03-26 14:40:41', 0),
(291, 1, 3, 1831, '{\"lat\": \"52.45764\", \"lng\": \"53.191089\"}', 0, NULL, '2004-06-05 20:00:00', 1831, 'Atraphaxis frutescens (L.) Ewersm. ', 'Курчавка кустарниковая', 'Оренбургская обл., Красногвардейский р-н, в 3 км к ю.-з. от п. Степного, п./п. Ванякина шишка. Степные склоны. Разнотравно-типчаково-полынная асс.', 500, 'Плаксина Т.И., Шаронова И.В., Авдеева Н.В.', NULL, 3.00, 'Atraphaxis frutescens (L.) C. Koch', '2021-03-14 08:28:21', '2021-03-26 14:40:41', '2021-03-26 14:40:41', 0),
(292, 13, 3, 1832, '{\"lat\": \"52.45764\", \"lng\": \"53.191089\"}', 0, NULL, '2004-06-05 20:00:00', 1832, 'Medicago cancellata M.Bieb. ', 'Люцерна решётчатая', 'Оренбургская обл., Красногвардейский р-н, в 3 км к ю.-з. от п. Степного, п./п. Ванякина шишка. Степные склоны. Разнотравно-типчаково-полынная асс.', 500, 'Плаксина Т.И., Шаронова И.В., Авдеева Н.В.', NULL, 3.00, 'Medicago cancellata Bieb.', '2021-03-14 08:28:21', '2021-03-26 14:40:41', '2021-03-26 14:40:41', 0),
(293, 13, 3, 1833, '{\"lat\": \"52.314508\", \"lng\": \"54.81148\"}', 0, NULL, '2005-06-09 20:00:00', 1833, 'Astragalus scopaeformis Ledeb.', 'Астрагал вениковидный', 'Оренбургская обл., Александровский р-н, водораздел Б. и М. Уранов, между с. Озерка и с. Украинка. Склоны южной экспозиции. В составе каменистой степи.', 2000, 'Шаронова И.В., Ильина В.Н.', NULL, 3.00, 'Astragalus tenuifolius L.', '2021-03-14 08:28:21', '2021-03-26 14:40:41', '2021-03-26 14:40:41', 0),
(294, 1, 3, 1835, '{\"lat\": \"52.21144\", \"lng\": \"54.232579\"}', 0, NULL, '2005-06-09 20:00:00', 1835, 'Convolvulus lineatus L.', 'Вьюнок узколистный', 'Оренбургская обл., Александровский р-н, выходы пород верхнепермской системы по дороге от с. Габдрафиково до с. Ждановка. В составе каменистой степи.', 3500, 'Шаронова И.В., Ильина В.Н.', NULL, 3.00, 'Convolvulus lineatus L.', '2021-03-14 08:28:21', '2021-03-26 14:40:41', '2021-03-26 14:40:41', 0),
(295, 1, 3, 1836, '{\"lat\": \"52.314508\", \"lng\": \"54.81148\"}', 0, NULL, '2005-06-09 20:00:00', 1836, 'Plantago maritima L.', 'Подорожник морской', 'Оренбургская обл., Александровский р-н, водораздел Б. и М. Уранов, между с. Озерка и с. Украинка. Склоны южной экспозиции. В составе каменистой степи.', 2000, 'Шаронова И.В., Ильина В.Н.', NULL, NULL, 'Plantago maritima L. s. l. (P. salsa Pallas)', '2021-03-14 08:28:21', '2021-03-26 14:40:41', '2021-03-26 14:40:41', 0),
(296, 13, 3, 1837, '{\"lat\": \"52.21144\", \"lng\": \"54.232579\"}', 0, NULL, '2005-06-09 20:00:00', 1837, 'Hedysarum razoumovianum DC. ', 'Копеечник Разумовского', 'Оренбургская обл., Александровский р-н, выходы пород верхнепермской системы по дороге от с. Габдрафиково до с. Ждановка. В составе каменистой степи.', 3500, 'Шаронова И.В., Ильина В.Н.', NULL, 3.00, 'Hedysarum razoumovianum Fisch. et Helm', '2021-03-14 08:28:21', '2021-03-26 14:40:41', '2021-03-26 14:40:41', 0),
(297, 13, 3, 1838, '{\"lat\": \"52.33369\", \"lng\": \"53.465503\"}', 0, NULL, '2005-06-30 20:00:00', 1838, 'Astragalus macropus Bunge', 'Астрагал длинноножковый', 'Оренбургская обл., Новосергиевский р-н, г. Черная (Чернышева) (319 м) в 4 км на с.-в. от с. Землянка. Степные склоны. Разнотравно-ковыльно-типчаковая асс.', 350, 'Шаронова И.В., Ильина В.Н., Плаксина Т.И., Рыжкова О.В., Кудашкина Т.И.', NULL, 5.00, 'Astragalus macropus Bunge', '2021-03-14 08:28:21', '2021-03-26 14:40:41', '2021-03-26 14:40:41', 0),
(298, 15, 3, 1844, '{\"lat\": \"52.44058\", \"lng\": \"52.584178\"}', 0, NULL, '2014-06-04 20:00:00', 1844, 'Jurinea ledebourii Bunge', 'Наголоватка Ледебура', 'Оренбургская обл., Сорочинский р-н, в 2 км к с.-з. от с. Сарабкино. Степные склоны. Разнотравно-типчаково-ковыльная асс.', 1000, 'Шаронова И.В., Плаксина Т.И., Авдеева И.В.', NULL, 3.00, 'Jurinea ledebourii Bunge', '2021-03-14 08:28:21', '2021-03-26 14:40:41', '2021-03-26 14:40:41', 0),
(299, 13, 3, 1846, '{\"lat\": \"52.372016\", \"lng\": \"54.173888\"}', 0, NULL, '2005-06-09 20:00:00', 1846, 'Hedysarum razoumovianum DC. ', 'Копеечник Разумовского', 'Оренбургская обл., Александровский р-н, водораздел М. Кинеля и Тока, по дороге в с. Александровка, в 1,5 км на с.-в. от с. Канчерово и в 2,19 км на с.-з. от с. Зелёная Роща. Выходы пород верхней перми. В составе каменистой степи.', 1000, 'Шаронова И.В., Ильина В.Н.', NULL, 3.00, 'Hedysarum razoumovianum Fisch. et Helm', '2021-03-14 08:28:21', '2021-03-26 14:40:41', '2021-03-26 14:40:41', 0),
(300, 13, 3, 1848, '{\"lat\": \"52.372016\", \"lng\": \"54.173888\"}', 0, NULL, '2005-06-09 20:00:00', 1848, 'Astragalus scopaeformis Ledeb.', 'Астрагал вениковидный', 'Оренбургская обл., Александровский р-н, водораздел М. Кинеля и Тока, по дороге в с. Александровка, в 1,5 км на с.-в. от с. Канчерово и в 2,19 км на с.-з. от с. Зелёная Роща. Выходы пород верхней перми. В составе каменистой степи.', 1000, 'Шаронова И.В., Ильина В.Н.', NULL, 3.00, 'Astragalus tenuifolius L.', '2021-03-14 08:28:21', '2021-03-26 14:40:41', '2021-03-26 14:40:41', 0),
(301, 1, 3, 1850, '{\"lat\": \"52.52330\", \"lng\": \"52.401939\"}', 0, NULL, '2003-06-26 20:00:00', 1850, 'Ferula tatarica Fischer ex Sprengel', 'Ферула татарская', 'Оренбургская обл., Грачевский р-н, в 3-4 км на юг от с. Ероховка. Степные склоны. Ковыльно-разнотравно-типчаковая асс.', 1000, 'Шаронова И.В., Плаксина Т.И.  ', NULL, 3.00, 'Ferula tatarica Fisch. ex Spreng.', '2021-03-14 08:28:21', '2021-03-26 14:40:41', '2021-03-26 14:40:41', 0),
(302, 1, 3, 1851, '{\"lat\": \"52.33369\", \"lng\": \"53.465503\"}', 0, NULL, '2005-06-30 20:00:00', 1851, 'Dianthus leptopetalus Willd. ', 'Гвоздика узколепестная', 'Оренбургская обл., Новосергиевский р-н, г. Черная (Чернышева) (319 м) в 4 км на с.-в. от с. Землянка. Степные склоны. Разнотравно-ковыльно-типчаковая асс.', 350, 'Шаронова И.В., Ильина В.Н., Плаксина Т.И., Рыжкова О.В., Кудашкина Т.И.', NULL, 3.00, 'Dianthus leptopetalus Willd. ', '2021-03-14 08:28:21', '2021-03-26 14:40:41', '2021-03-26 14:40:41', 0),
(303, 1, 3, 1852, '{\"lat\": \"52.33369\", \"lng\": \"53.465503\"}', 0, NULL, '2005-06-30 20:00:00', 1852, 'Centaurium pulchellum (Sw.) Druce', 'Золототысячник красивый', 'Оренбургская обл., Новосергиевский р-н, г. Черная (Чернышева) (319 м) в 4 км на с.-в. от с. Землянка. Степные склоны. Луговина около родника.', 350, 'Шаронова И.В., Ильина В.Н., Плаксина Т.И., Рыжкова О.В., Кудашкина Т.И.', NULL, NULL, 'Centaurium pulchellum (Swartz) Druce', '2021-03-14 08:28:21', '2021-03-26 14:40:41', '2021-03-26 14:40:41', 0),
(304, 1, 3, 1853, '{\"lat\": \"52.33369\", \"lng\": \"53.465503\", \"title\": null}', 1, '2021-03-14 13:02:14', '2005-06-30 20:00:00', 1853, 'Fritillaria ruthenica Wikstr.', 'Золототысячник красивый', 'Оренбургская обл., Новосергиевский р-н, г. Черная (Чернышева) (319 м) в 4 км на с.-в. от с. Землянка. Степные склоны. Разнотравно-ковыльно-типчаковая асс.', 350, 'Шаронова И.В., Ильина В.Н., Плаксина Т.И., Рыжкова О.В., Кудашкина Т.И.', NULL, 5.00, 'Centaurium pulchellum (Swartz) Druce', '2021-03-14 08:28:21', '2021-03-26 14:40:41', '2021-03-26 14:40:41', 0),
(305, 1, 3, 1855, '{\"lat\": \"53.261168\", \"lng\": \"48.81707\"}', 0, NULL, '2006-07-22 20:00:00', 1855, 'Polypodium vulgare L.', 'Многоножка обыкновенная', 'Самарская обл., Сызранский р-н, 54 квартал, памятник природы \"Рачейские скалы\", в 15 км от с. Старая Рачейка. На валунах.', 500, 'Учаева В.С., Мироненко С.А.', NULL, 1.00, 'Polypodium vulgare L.', '2021-03-14 08:28:21', '2021-03-26 14:40:41', '2021-03-26 14:40:41', 0),
(306, 1, 3, 1856, '{\"lat\": \"53.251716\", \"lng\": \"48.2547\"}', 0, NULL, '2006-07-18 20:00:00', 1856, 'Drosera rotundifolia L.', 'Росянка круглолистная', 'Самарская обл., Сызранский р-н, памятник природы \"Моховое болото\", в 5 км (на север) от с. Старая Рачейка. На болоте.', 600, 'Учаева В.С., Мироненко С.А.', NULL, 1.00, 'Drosera rotundifolia L.', '2021-03-14 08:28:21', '2021-03-14 13:01:22', '2021-03-14 13:01:22', 0),
(307, 1, 3, 1857, '{\"lat\": \"53.23793\", \"lng\": \"47.584583\"}', 0, NULL, '2006-07-17 20:00:00', 1857, 'Chimaphila umbellata (L.) W. Barton', 'Зимолюбка зонтичная', 'Самарская обл., Сызранский р-н,  памятник природы \"Узилово болото\", в 3 км от с. Старая Рачейка. В сосновом лесу, окрестности болота.', 200, 'Учаева В.С., Мироненко С.А.', NULL, 3.00, 'Chimaphila umbellata (L.) W.P.C. Barton', '2021-03-14 08:28:21', '2021-03-14 13:01:22', '2021-03-14 13:01:22', 0),
(308, 1, 3, 1858, '{\"lat\": \"53.261168\", \"lng\": \"48.81707\"}', 0, NULL, '2006-07-22 20:00:00', 1858, 'Bupleurum falcatum L.', 'Володушка серповидная', 'Самарская обл., Сызранский р-н, 54 квартал,  в 15 км от с. Старая Рачейка. Край  леса.', 500, 'Учаева В.С., Мироненко С.А.', NULL, 3.00, 'Bupleurum falcatum L. ', '2021-03-14 08:28:21', '2021-03-14 13:01:22', '2021-03-14 13:01:22', 0),
(309, 1, 3, 1859, '{\"lat\": \"53.23793\", \"lng\": \"47.584583\"}', 0, NULL, '2006-07-17 20:00:00', 1859, 'Vaccinium vitis-idaea L.', 'Брусника обыкновенная', 'Самарская обл., Сызранский р-н,  памятник природы \"Узилово болото\", в 3 км от с. Старая Рачейка. На болоте.', 200, 'Учаева В.С., Мироненко С.А.', NULL, 2.00, 'Vaccinium vitis-idae L.', '2021-03-14 08:28:21', '2021-03-14 13:01:22', '2021-03-14 13:01:22', 0),
(310, 15, 3, 1860, '{\"lat\": \"53.242082\", \"lng\": \"48.11972\"}', 0, NULL, '2006-07-16 20:00:00', 1860, 'Helichrysum arenarium (L.) Moench ', 'Цмин песчаный', 'Самарская обл., Сызранский р-н, в 1,5 км на север от с. Старая Рачейка. На берегу озера.', 1000, 'Учаева В.С., Мироненко С.А.', NULL, 5.00, 'Helichrysum arenarium (L.) Moench', '2021-03-14 08:28:21', '2021-03-14 13:01:22', '2021-03-14 13:01:22', 0),
(311, 1, 3, 1862, '{\"lat\": \"53.242082\", \"lng\": \"48.11972\"}', 0, NULL, '2006-07-16 20:00:00', 1862, 'Dianthus volgicus Juzepczuk', 'Гвоздика волжская', 'Самарская обл., Сызранский р-н, в 1,5 км на север от с. Старая Рачейка. На берегу озера.', 1000, 'Учаева В.С., Мироненко С.А.', NULL, 3.00, 'Dianthus volgicus Juz.', '2021-03-14 08:28:21', '2021-03-14 12:59:44', '2021-03-14 12:59:44', 0),
(312, 1, 3, 1865, '{\"lat\": \"51.475461\", \"lng\": \"51.31488\"}', 0, NULL, '2010-05-22 20:00:00', 1865, 'Onosma tinctorium M. Bieb.', 'Оносма многоцветная', 'Оренбургская обл., Первомайский р-н, 5 км на восток от с. Курлин. Разнотравно-ковыльная степь.', 1000, 'Плаксина Т.И., Корчикова Т.А.', 'Корчикова Т.А.', 3.00, 'Onosma polychroma Klok. ex M. Pop.', '2021-03-14 08:28:21', '2021-03-14 12:59:44', '2021-03-14 12:59:44', 0),
(313, 1, 3, 1868, '{\"lat\": \"51.475461\", \"lng\": \"51.31488\"}', 0, NULL, '2010-05-24 20:00:00', 1868, 'Trinia hispida Hoffm.', 'Триния жёстковолосая', 'Оренбургская обл., Первомайский р-н, 5 км на восток от с. Курлин. Разнотравно-ковыльная степь.', 1000, 'Плаксина Т.И., Корчикова Т.А.', 'Корчикова Т.А.', 3.00, 'Trinia hispida Hoffm.', '2021-03-14 08:28:21', '2021-03-14 12:59:44', '2021-03-14 12:59:44', 0),
(314, 1, 3, 1870, '{\"lat\": \"51.475461\", \"lng\": \"51.31488\"}', 0, NULL, '2010-05-24 20:00:00', 1870, 'Pastinaca clausii (Ledeb.) Calest. ', 'Пастернак Клауса', 'Оренбургская обл., Первомайский р-н, 5 км на восток от с. Курлин. Разнотравно-ковыльная степь.', 1000, 'Плаксина Т.И., Корчикова Т.А.', 'Плаксина Т.И.', 3.00, 'Pastinaca clausii (Ledeb.) M. Pimen. ', '2021-03-14 08:28:21', '2021-03-14 12:59:44', '2021-03-14 12:59:44', 0),
(315, 1, 3, 1871, '{\"lat\": \"51.475461\", \"lng\": \"51.31488\"}', 0, NULL, '2010-05-24 20:00:00', 1871, 'Ornithogalum fischerianum Krasch. ', 'Птицемлечник Фишера', 'Оренбургская обл., Первомайский р-н, 5 км на восток от с. Курлин. Разнотравно-ковыльная степь.', 1000, 'Плаксина Т.И., Корчикова Т.А.', 'Плаксина Т.И.', 3.00, 'Ornithogalum fischerianum Krasch.', '2021-03-14 08:28:21', '2021-03-14 12:59:44', '2021-03-14 12:59:44', 0),
(316, 13, 3, 1872, '{\"lat\": \"52.44058\", \"lng\": \"52.584178\"}', 0, NULL, '2004-06-04 20:00:00', 1872, 'Hedysarum grandiflorum Pall.', 'Копеечник крупноцветковый', 'Оренбургская  обл., Сорочинский р-он, в 2 км к с-з от с. Сарабкино. Степные склоны. Разнотравно-типачково-ковыльная асс.', 1000, 'Шаронова И.В., Плаксина Т.И., Авдеева И.В.', NULL, 5.00, 'Hedysarum grandiflorum Pall.', '2021-03-14 08:28:21', '2021-03-14 12:54:29', '2021-03-14 12:54:29', 0),
(317, 1, 3, 1874, '{\"lat\": \"52.44058\", \"lng\": \"52.584178\"}', 0, NULL, '2004-06-04 20:00:00', 1874, 'Eremogone koriniana (Fisch. ex Fenzl) Ikonn. ', 'Песчанка Корина', 'Оренбургская  обл., Сорочинский р-он, в 2 км к с-з от с. Сарабкино. Степные склоны. Разнотравно-типачково-ковыльная асс.', 1000, 'Шаронова И.В., Плаксина Т.И., Авдеева И.В.', NULL, NULL, 'Arenaria koriniana Fisch. ex Fenzl', '2021-03-14 08:28:21', '2021-03-14 12:54:29', '2021-03-14 12:54:29', 0),
(318, 1, 3, 1875, '{\"lat\": \"52.33369\", \"lng\": \"53.465503\"}', 0, NULL, '2005-06-30 20:00:00', 1875, 'Dianthus leptopetalus Willd. ', 'Гвоздика узколепестная', 'Оренбургская обл., Новосергиевский р-он, г. Черная (Чернышева) (319 м) в 4 км на с-в от с. Землянка. Степные склоны. Разнотравно-типачково-ковыльная асс.', 350, 'Шаронова И.В., Ильина В.Н., Плаксина Т.И., Рыжкова О.В., Кудашкина Т.И.', NULL, 3.00, 'Dianthus leptopetalus Willd.', '2021-03-14 08:28:21', '2021-03-14 12:54:29', '2021-03-14 12:54:29', 0),
(319, 1, 3, 1877, '{\"lat\": \"52.33369\", \"lng\": \"53.465503\"}', 0, NULL, '2005-06-29 20:00:00', 1877, 'Melica altissima L.', 'Перловник высокий', 'Оренбургская обл., Сорочинский р-он, окр. с. Рощино. Степи на песках. Разнотравно-типачково-ковыльная асс.', 350, 'Плаксина Т.И., Шаронова И.В., Ильина В.Н., Рыжкова О.В., Кудашкина Т.И.', NULL, NULL, 'Melica altissima L.', '2021-03-14 08:28:21', '2021-03-14 12:54:29', '2021-03-14 12:54:29', 0),
(320, 1, 3, 1878, '{\"lat\": \"52.503106\", \"lng\": \"53.40756\"}', 0, NULL, '2004-07-08 20:00:00', 1878, 'Nymphaea candida C. Presl', 'Кувшинка чисто-белая', 'Оренбургская обл., Красногвардейский р-он, в 2-3 км к востоку от с. Староюлдашево. Правобережье р. Ток. В воде.', 1000, 'Плаксина Т.И., Петрова А.Ю., Рыжкова О.В., Кудашкина Т.А.', NULL, 3.00, 'Nymphaea candida J. et C. Presl', '2021-03-14 08:28:21', '2021-03-14 12:54:29', '2021-03-14 12:54:29', 0),
(321, 1, 3, 1879, '{\"lat\": \"53.18917\", \"lng\": \"50.11715\"}', 0, NULL, '2017-04-25 20:00:00', 1879, 'Gagea bulbifera (Pall.) Salisb.', 'Гусиный лук луковиценосный', 'г. Самара, западный макросклон Сорочинских гор, скальный массив известняковых пород выше Дикого берега, правобережная приустьевая часть большого безымянного оврага. Остепненный каменистый склон. Высота - 84 м.', 5, 'Головлёв А.А.', 'Макарова Ю.В., Плаксина Т.И.', 3.00, 'Gagea bulbifera (Pall.) Salisb.', '2021-03-14 08:28:21', '2021-03-14 12:54:05', '2021-03-14 12:54:05', 0),
(322, 1, 3, 1890, '{\"lat\": \"53.189054\", \"lng\": \"50.11716\"}', 0, NULL, '2016-04-07 20:00:00', 1890, 'Gagea pusilla (F.W.Schmidt) Sweet ', 'Гусиный лук низкий', 'г. Самара, Красноглинский район, Сорочинские горы,ниже горы Полки, крутой склон западной-юго-западной экспозиции. Каменистая степь. Высота - 112 м.', 5, 'Макарова Ю.В., Головлёв А.А.', 'Макарова Ю.В.', NULL, 'Gagea pusilla (F.W. Schmidt) Schult. et Schult. fil.', '2021-03-14 08:28:21', '2021-03-14 12:54:05', '2021-03-14 12:54:05', 0),
(323, 1, 3, 1899, '{\"lat\": \"53.19173\", \"lng\": \"50.11666\"}', 0, NULL, '2017-04-09 20:00:00', 1899, 'Gagea podolica Schult. et Schult. fil.', 'Гусиный лук подольский', 'г. Самара, Красноглинский район, западный макросклон Сорочинских гор, южный склон скального массива Малые Козерожки, вдоль тропы на спуск к касатикам низким. В составе лугово-степного сообщества на каменистом склоне. Высота - 82 м.', 5, 'Головлёв А.А.', 'Плаксина Т.И.', NULL, 'Gagea podolica Schult. et Schult. fil.', '2021-03-14 08:28:21', '2021-03-14 12:54:05', '2021-03-14 12:54:05', 0),
(324, 1, 3, 2009, '{\"lat\": \"53.19182\", \"lng\": \"50.11687\", \"title\": null}', 1, '2021-03-14 12:21:20', '2017-04-09 20:00:00', 2009, 'Gagea maeotica Artemczuk', 'Гусиный лук приазовский', 'г. Самара, Красноглинский р-н, западный макросклон Сорочинских гор, между скалой \"Окно\" и наклонной скальной поверхностью с шиверекией северной (здесь находится северная популяция шиверский). В  составе лугово-степного сообщества на крутом каменистом склоне. Цветущих луков мало. Высота - 97 м.', 5, 'Головлёв А.А.', 'Плаксина Т.И.', NULL, 'Gagea maeotica Artemczuk', '2021-03-14 08:28:21', '2021-03-14 12:54:05', '2021-03-14 12:54:05', 0),
(325, 1, 3, 2010, '{\"lat\": \"53.19182\", \"lng\": \"50.11687\", \"title\": null}', 1, '2021-03-14 08:29:33', '2017-04-09 20:00:00', 2010, 'Gagea maeotica Artemczuk', 'Гусиный лук приазовский', 'г. Самара, Октябрьский р-н, Сорочинские горы, нижняя часть южного склона Лысой горы. В  составе лугово-степного сообщества на каменистом склоне. Высота - 97 м.', 5, 'Головлёв А.А.', 'Плаксина Т.И.', NULL, 'Gagea maeotica Artemczuk', '2021-03-14 08:28:21', '2021-03-14 12:54:05', '2021-03-14 12:54:05', 0),
(326, 1, 3, 5, '{\"lat\": \"54.194764\", \"lng\": \"51.115201\"}', 0, NULL, '2014-06-24 20:00:00', 5, 'Bupleurum longifolium subsp. aureum (Fisch ex Hoffm.) Soó ', 'Володушка золотистая', 'Самарская обл., Челно-Вершинский р-н, вблизи п.п. \"Дубрава водоохранная\". Лесная поляна.', 5000, 'Корчикова Т.А., Буранова Ю.Г.', 'Плаксина Т.И.', 3.00, 'Bupleurum aureum (Hoffm.) Fisch. ex Hoffm.', '2021-03-14 13:04:50', '2021-03-26 14:40:41', '2021-03-26 14:40:41', 0),
(327, 15, 3, 40, '{\"lat\": \"53.152287\", \"lng\": \"49.105873\"}', 0, NULL, '1992-09-08 20:00:00', 40, 'Helichrysum arenarium (L.) Moench ', 'Цмин песчаный', 'Самарская обл., Безенчукский р-н, Усинский залив, дер. Переволоки. Лесная  поляна у дороги, в сосняках.', 1500, 'Бочкарева Г.В.', NULL, 5.00, 'Helichrysum arenarium (L.) Moench ', '2021-03-14 13:04:50', '2021-03-26 14:40:41', '2021-03-26 14:40:41', 0),
(328, 15, 3, 42, '{\"lat\": \"5.2582933\", \"lng\": \"51.14635\"}', 0, NULL, '1986-07-11 20:00:00', 42, 'Helichrysum arenarium (L.) Moench ', 'Цмин песчаный', 'Куйбышевская обл., Кинельский р-н, Красносамарское лесничество. Песчаная степь.', 3000, 'Назарова Н.А.', NULL, 5.00, 'Helichrysum arenarium (L.) Moench ', '2021-03-14 13:04:50', '2021-03-14 18:55:03', '2021-03-14 18:55:03', 0),
(329, 14, 3, 148, '{\"lat\": \"53.222757\", \"lng\": \"49.203051\"}', 0, NULL, '1986-07-20 20:00:00', 148, 'Alyssum lenense Adams', 'Бурачок ленский', 'Самарская обл., Ставропольский р-н, 2-3 км к востоку от с. Жигули, Молодецкий курган, южный склон. Известняк.', 1500, 'Головин В.И.', 'Головин В.И.', 3.00, 'Alyssum lenense Adams', '2021-03-14 13:04:50', '2021-03-14 18:55:03', '2021-03-14 18:55:03', 0),
(330, 14, 3, 149, '{\"lat\": \"53.224496\", \"lng\": \"49.194956\"}', 0, NULL, '1986-07-08 20:00:00', 149, 'Schivereckia hyperborea (L.) Berkutenko', 'Шиверекия северная', 'Самарская обл., Ставропольский р-н, 3 км к востоку от с. Жигули, Молодецкий курган, западный склон.', 1500, 'Головин В.И.', 'Плаксина Т.И.', 2.00, 'Schivereckia hyperborea (L.) Berkutenko', '2021-03-14 13:04:50', '2021-03-14 18:55:03', '2021-03-14 18:55:03', 0),
(331, 14, 3, 150, '{\"lat\": \"53.224554\", \"lng\": \"49.201706\"}', 0, NULL, '1986-07-26 20:00:00', 150, 'Schivereckia hyperborea (L.) Berkutenko', 'Шиверекия северная', 'Самарская обл., Ставропольский р-н, 3 км к востоку от с. Жигули Молодецкий курган, юго-западный склон.', 1500, 'Головин В.И.', 'Головин В.И.', 2.00, 'Schivereckia hyperborea (L.) Berkutenko', '2021-03-14 13:04:50', '2021-03-14 18:55:03', '2021-03-14 18:55:03', 0),
(332, 14, 3, 209, '{\"lat\": \"53.28173\", \"lng\": \"48.545019\"}', 0, NULL, '1992-08-06 20:00:00', 209, 'Diplotaxis tenuifolia subsp. cretacea (Kotov) Sobrino Vesperinas', 'Двурядка меловая', 'Самарский обл., Шигонский р-н, 1 км от с. Левашовка. По склону холма, недалеко от родника.', 2000, 'Головин В.И., Плаксина Т.И.', NULL, 4.00, 'Diplotaxis cretacea Kotov', '2021-03-14 13:04:50', '2021-03-14 18:55:03', '2021-03-14 18:55:03', 0),
(333, 13, 3, 210, '{\"lat\": \"53.104026\", \"lng\": \"54.04352\"}', 0, NULL, '2005-06-10 20:00:00', 210, 'Astragalus scopaeformis Ledeb.', 'Астрагал вениковидный', 'Оренбургская обл., Пономаревский р-н, 1 км на север от с. Алябьево. Разнотравные плотнодерновинные степи.', 500, 'Рыжкова О.В.', 'Сытин А.К.', 3.00, 'Astragalus scopaeformis Ledeb.', '2021-03-14 13:04:50', '2021-03-14 18:55:03', NULL, 0),
(334, 13, 3, 245, '{\"lat\": \"53.175213\", \"lng\": \"50.46464\"}', 0, NULL, '2008-05-14 20:00:00', 245, 'Astragalus zingeri Korzchinsky', 'Астрагал Цингера', 'Самарская обл., Кинельский р-н, окр. с. Преображенка. Степные холмы.', 4000, 'Кудашкина Т.А., Картавых Т.Н.', 'Сытин А.К.', 3.00, 'Astragalus zingeri Korzchinsky', '2021-03-14 13:04:50', '2021-03-14 18:55:03', '2021-03-14 18:55:03', 0),
(335, 13, 3, 246, '{\"lat\": \"53.175213\", \"lng\": \"50.46464\"}', 0, NULL, '2008-05-14 20:00:00', 246, 'Astragalus zingeri Korzchinsky', 'Астрагал Цингера', 'Самарская обл., Кинельский р-н, окр. с. Преображенка. Степные холмы.', 4000, 'Кудашкина Т.А., Картавых Т.Н.', 'Сытин А.К.', 3.00, 'Astragalus zingeri Korzchinsky', '2021-03-14 13:04:50', '2021-03-14 18:55:03', '2021-03-14 18:55:03', 0),
(336, 13, 3, 247, '{\"lat\": \"53.183791\", \"lng\": \"50.453996\"}', 0, NULL, '2008-06-14 20:00:00', 247, 'Astragalus zingeri Korzchinsky', 'Астрагал Цингера', 'Самарская обл., Кинельский р-н.Степные холмы в окр. д/м Гвардейцы.', 1000, 'Кудашкина Т.А., Картавых Т.Н.', NULL, 3.00, 'Astragalus zingeri Korzchinsky', '2021-03-14 13:04:50', '2021-03-14 18:55:03', '2021-03-14 18:55:03', 0),
(337, 1, 3, 5, '{\"lat\": \"54.194764\", \"lng\": \"51.115201\"}', 0, NULL, '2014-06-24 20:00:00', 5, 'Bupleurum longifolium subsp. aureum (Fisch ex Hoffm.) Soó ', 'Володушка золотистая', 'Самарская обл., Челно-Вершинский р-н, вблизи п.п. \"Дубрава водоохранная\". Лесная поляна.', 5000, 'Корчикова Т.А., Буранова Ю.Г.', 'Плаксина Т.И.', 3.00, 'Bupleurum aureum (Hoffm.) Fisch. ex Hoffm.', '2021-03-14 13:05:36', '2021-03-14 18:55:03', '2021-03-14 18:55:03', 0),
(338, 15, 3, 40, '{\"lat\": \"53.152287\", \"lng\": \"49.105873\"}', 0, NULL, '1992-09-08 20:00:00', 40, 'Helichrysum arenarium (L.) Moench ', 'Цмин песчаный', 'Самарская обл., Безенчукский р-н, Усинский залив, дер. Переволоки. Лесная  поляна у дороги, в сосняках.', 1500, 'Бочкарева Г.В.', NULL, 5.00, 'Helichrysum arenarium (L.) Moench ', '2021-03-14 13:05:36', '2021-03-14 18:54:19', '2021-03-14 18:54:19', 0),
(339, 15, 3, 42, '{\"lat\": \"5.2582933\", \"lng\": \"51.14635\"}', 0, NULL, '1986-07-11 20:00:00', 42, 'Helichrysum arenarium (L.) Moench ', 'Цмин песчаный', 'Куйбышевская обл., Кинельский р-н, Красносамарское лесничество. Песчаная степь.', 3000, 'Назарова Н.А.', NULL, 5.00, 'Helichrysum arenarium (L.) Moench ', '2021-03-14 13:05:36', '2021-03-14 18:54:19', '2021-03-14 18:54:19', 0),
(340, 14, 3, 148, '{\"lat\": \"53.222757\", \"lng\": \"49.203051\"}', 0, NULL, '1986-07-20 20:00:00', 148, 'Alyssum lenense Adams', 'Бурачок ленский', 'Самарская обл., Ставропольский р-н, 2-3 км к востоку от с. Жигули, Молодецкий курган, южный склон. Известняк.', 1500, 'Головин В.И.', 'Головин В.И.', 3.00, 'Alyssum lenense Adams', '2021-03-14 13:05:36', '2021-03-14 18:54:19', '2021-03-14 18:54:19', 0),
(341, 14, 3, 149, '{\"lat\": \"53.224496\", \"lng\": \"49.194956\"}', 0, NULL, '1986-07-08 20:00:00', 149, 'Schivereckia hyperborea (L.) Berkutenko', 'Шиверекия северная', 'Самарская обл., Ставропольский р-н, 3 км к востоку от с. Жигули, Молодецкий курган, западный склон.', 1500, 'Головин В.И.', 'Плаксина Т.И.', 2.00, 'Schivereckia hyperborea (L.) Berkutenko', '2021-03-14 13:05:36', '2021-03-14 18:54:19', '2021-03-14 18:54:19', 0),
(342, 14, 3, 150, '{\"lat\": \"53.224554\", \"lng\": \"49.201706\"}', 0, NULL, '1986-07-26 20:00:00', 150, 'Schivereckia hyperborea (L.) Berkutenko', 'Шиверекия северная', 'Самарская обл., Ставропольский р-н, 3 км к востоку от с. Жигули Молодецкий курган, юго-западный склон.', 1500, 'Головин В.И.', 'Головин В.И.', 2.00, 'Schivereckia hyperborea (L.) Berkutenko', '2021-03-14 13:05:36', '2021-03-14 18:54:19', '2021-03-14 18:54:19', 0),
(343, 14, 3, 209, '{\"lat\": \"53.28173\", \"lng\": \"48.545019\"}', 0, NULL, '1992-08-06 20:00:00', 209, 'Diplotaxis tenuifolia subsp. cretacea (Kotov) Sobrino Vesperinas', 'Двурядка меловая', 'Самарский обл., Шигонский р-н, 1 км от с. Левашовка. По склону холма, недалеко от родника.', 2000, 'Головин В.И., Плаксина Т.И.', NULL, 4.00, 'Diplotaxis cretacea Kotov', '2021-03-14 13:05:36', '2021-03-14 18:54:19', '2021-03-14 18:54:19', 0),
(344, 13, 3, 210, '{\"lat\": \"53.104026\", \"lng\": \"54.04352\"}', 0, NULL, '2005-06-10 20:00:00', 210, 'Astragalus scopaeformis Ledeb.', 'Астрагал вениковидный', 'Оренбургская обл., Пономаревский р-н, 1 км на север от с. Алябьево. Разнотравные плотнодерновинные степи.', 500, 'Рыжкова О.В.', 'Сытин А.К.', 3.00, 'Astragalus scopaeformis Ledeb.', '2021-03-14 13:05:36', '2021-03-14 18:54:19', NULL, 0),
(345, 13, 3, 245, '{\"lat\": \"53.175213\", \"lng\": \"50.46464\"}', 0, NULL, '2008-05-14 20:00:00', 245, 'Astragalus zingeri Korzchinsky', 'Астрагал Цингера', 'Самарская обл., Кинельский р-н, окр. с. Преображенка. Степные холмы.', 4000, 'Кудашкина Т.А., Картавых Т.Н.', 'Сытин А.К.', 3.00, 'Astragalus zingeri Korzchinsky', '2021-03-14 13:05:36', '2021-03-14 18:54:19', '2021-03-14 18:54:19', 0),
(346, 13, 3, 246, '{\"lat\": \"53.175213\", \"lng\": \"50.46464\"}', 0, NULL, '2008-05-14 20:00:00', 246, 'Astragalus zingeri Korzchinsky', 'Астрагал Цингера', 'Самарская обл., Кинельский р-н, окр. с. Преображенка. Степные холмы.', 4000, 'Кудашкина Т.А., Картавых Т.Н.', 'Сытин А.К.', 3.00, 'Astragalus zingeri Korzchinsky', '2021-03-14 13:05:36', '2021-03-14 18:54:19', '2021-03-14 18:54:19', 0),
(347, 13, 3, 247, '{\"lat\": \"53.183791\", \"lng\": \"50.453996\"}', 0, NULL, '2008-06-14 20:00:00', 247, 'Astragalus zingeri Korzchinsky', 'Астрагал Цингера', 'Самарская обл., Кинельский р-н.Степные холмы в окр. д/м Гвардейцы.', 1000, 'Кудашкина Т.А., Картавых Т.Н.', NULL, 3.00, 'Astragalus zingeri Korzchinsky', '2021-03-14 13:05:36', '2021-03-14 18:54:19', '2021-03-14 18:54:19', 0),
(348, 1, 3, 5, '{\"lat\": \"54.194764\", \"lng\": \"51.115201\"}', 0, NULL, '2014-06-24 20:00:00', 5, 'Bupleurum longifolium subsp. aureum (Fisch ex Hoffm.) Soó ', 'Володушка золотистая', 'Самарская обл., Челно-Вершинский р-н, вблизи п.п. \"Дубрава водоохранная\". Лесная поляна.', 5000, 'Корчикова Т.А., Буранова Ю.Г.', 'Плаксина Т.И.', 3.00, 'Bupleurum aureum (Hoffm.) Fisch. ex Hoffm.', '2021-03-14 13:05:56', '2021-03-14 18:54:12', '2021-03-14 18:54:12', 0),
(349, 15, 3, 40, '{\"lat\": \"53.152287\", \"lng\": \"49.105873\"}', 0, NULL, '1992-09-08 20:00:00', 40, 'Helichrysum arenarium (L.) Moench ', 'Цмин песчаный', 'Самарская обл., Безенчукский р-н, Усинский залив, дер. Переволоки. Лесная  поляна у дороги, в сосняках.', 1500, 'Бочкарева Г.В.', NULL, 5.00, 'Helichrysum arenarium (L.) Moench ', '2021-03-14 13:05:57', '2021-03-14 18:54:12', '2021-03-14 18:54:12', 0),
(350, 15, 3, 42, '{\"lat\": \"5.2582933\", \"lng\": \"51.14635\"}', 0, NULL, '1986-07-11 20:00:00', 42, 'Helichrysum arenarium (L.) Moench ', 'Цмин песчаный', 'Куйбышевская обл., Кинельский р-н, Красносамарское лесничество. Песчаная степь.', 3000, 'Назарова Н.А.', NULL, 5.00, 'Helichrysum arenarium (L.) Moench ', '2021-03-14 13:05:57', '2021-03-14 18:54:12', '2021-03-14 18:54:12', 0),
(351, 14, 3, 148, '{\"lat\": \"53.222757\", \"lng\": \"49.203051\"}', 0, NULL, '1986-07-20 20:00:00', 148, 'Alyssum lenense Adams', 'Бурачок ленский', 'Самарская обл., Ставропольский р-н, 2-3 км к востоку от с. Жигули, Молодецкий курган, южный склон. Известняк.', 1500, 'Головин В.И.', 'Головин В.И.', 3.00, 'Alyssum lenense Adams', '2021-03-14 13:05:57', '2021-03-14 18:54:12', '2021-03-14 18:54:12', 0),
(352, 14, 3, 149, '{\"lat\": \"53.224496\", \"lng\": \"49.194956\"}', 0, NULL, '1986-07-08 20:00:00', 149, 'Schivereckia hyperborea (L.) Berkutenko', 'Шиверекия северная', 'Самарская обл., Ставропольский р-н, 3 км к востоку от с. Жигули, Молодецкий курган, западный склон.', 1500, 'Головин В.И.', 'Плаксина Т.И.', 2.00, 'Schivereckia hyperborea (L.) Berkutenko', '2021-03-14 13:05:57', '2021-03-14 18:54:12', '2021-03-14 18:54:12', 0),
(353, 14, 3, 150, '{\"lat\": \"53.224554\", \"lng\": \"49.201706\"}', 0, NULL, '1986-07-26 20:00:00', 150, 'Schivereckia hyperborea (L.) Berkutenko', 'Шиверекия северная', 'Самарская обл., Ставропольский р-н, 3 км к востоку от с. Жигули Молодецкий курган, юго-западный склон.', 1500, 'Головин В.И.', 'Головин В.И.', 2.00, 'Schivereckia hyperborea (L.) Berkutenko', '2021-03-14 13:05:57', '2021-03-14 18:54:12', '2021-03-14 18:54:12', 0),
(354, 14, 3, 209, '{\"lat\": \"53.28173\", \"lng\": \"48.545019\"}', 0, NULL, '1992-08-06 20:00:00', 209, 'Diplotaxis tenuifolia subsp. cretacea (Kotov) Sobrino Vesperinas', 'Двурядка меловая', 'Самарский обл., Шигонский р-н, 1 км от с. Левашовка. По склону холма, недалеко от родника.', 2000, 'Головин В.И., Плаксина Т.И.', NULL, 4.00, 'Diplotaxis cretacea Kotov', '2021-03-14 13:05:57', '2021-03-14 18:54:12', '2021-03-14 18:54:12', 0),
(355, 13, 3, 210, '{\"lat\": \"53.104026\", \"lng\": \"54.04352\", \"title\": null}', 1, '2021-05-17 18:47:10', '2005-06-10 20:00:00', 210, 'Astragalus scopaeformis Ledeb.', 'Астрагал вениковидный', 'Оренбургская обл., Пономаревский р-н, 1 км на север от с. Алябьево. Разнотравные плотнодерновинные степи.', 500, 'Рыжкова О.В.', 'Сытин А.К.', 3.00, 'Astragalus scopaeformis Ledeb.', '2021-03-14 13:05:57', '2021-06-10 09:09:11', NULL, 91),
(356, 13, 3, 245, '{\"lat\": \"53.175213\", \"lng\": \"50.46464\"}', 0, NULL, '2008-05-14 20:00:00', 245, 'Astragalus zingeri Korzchinsky', 'Астрагал Цингера', 'Самарская обл., Кинельский р-н, окр. с. Преображенка. Степные холмы.', 4000, 'Кудашкина Т.А., Картавых Т.Н.', 'Сытин А.К.', 3.00, 'Astragalus zingeri Korzchinsky', '2021-03-14 13:05:57', '2021-03-14 18:54:12', '2021-03-14 18:54:12', 0),
(357, 13, 3, 246, '{\"lat\": \"53.175213\", \"lng\": \"50.46464\"}', 0, NULL, '2008-05-14 20:00:00', 246, 'Astragalus zingeri Korzchinsky', 'Астрагал Цингера', 'Самарская обл., Кинельский р-н, окр. с. Преображенка. Степные холмы.', 4000, 'Кудашкина Т.А., Картавых Т.Н.', 'Сытин А.К.', 3.00, 'Astragalus zingeri Korzchinsky', '2021-03-14 13:05:57', '2021-03-14 18:54:12', '2021-03-14 18:54:12', 0),
(359, 1, 3, 5, '{\"lat\": \"54.194764\", \"lng\": \"51.115201\", \"title\": null}', 1, '2021-03-14 13:14:51', '2014-06-24 20:00:00', 5, 'Bupleurum longifolium subsp. aureum (Fisch ex Hoffm.) Soó ', 'Володушка золотистая', 'Самарская обл., Челно-Вершинский р-н, вблизи п.п. \"Дубрава водоохранная\". Лесная поляна.', 5000, 'Корчикова Т.А., Буранова Ю.Г.', 'Плаксина Т.И.', 3.00, 'Bupleurum aureum (Hoffm.) Fisch. ex Hoffm.', '2021-03-14 13:06:19', '2021-03-14 18:54:06', '2021-03-14 18:54:06', 0),
(360, 15, 3, 40, '{\"lat\": \"53.152287\", \"lng\": \"49.105873\"}', 0, NULL, '1992-09-08 20:00:00', 40, 'Helichrysum arenarium (L.) Moench ', 'Цмин песчаный', 'Самарская обл., Безенчукский р-н, Усинский залив, дер. Переволоки. Лесная  поляна у дороги, в сосняках.', 1500, 'Бочкарева Г.В.', NULL, 5.00, 'Helichrysum arenarium (L.) Moench ', '2021-03-14 13:06:20', '2021-03-14 13:15:01', '2021-03-14 13:15:01', 0),
(361, 15, 3, 42, '{\"lat\": \"5.2582933\", \"lng\": \"51.14635\"}', 0, NULL, '1986-07-11 20:00:00', 42, 'Helichrysum arenarium (L.) Moench ', 'Цмин песчаный', 'Куйбышевская обл., Кинельский р-н, Красносамарское лесничество. Песчаная степь.', 3000, 'Назарова Н.А.', NULL, 5.00, 'Helichrysum arenarium (L.) Moench ', '2021-03-14 13:06:20', '2021-03-14 13:15:01', '2021-03-14 13:15:01', 0),
(362, 14, 3, 148, '{\"lat\": \"53.222757\", \"lng\": \"49.203051\"}', 0, NULL, '1986-07-20 20:00:00', 148, 'Alyssum lenense Adams', 'Бурачок ленский', 'Самарская обл., Ставропольский р-н, 2-3 км к востоку от с. Жигули, Молодецкий курган, южный склон. Известняк.', 1500, 'Головин В.И.', 'Головин В.И.', 3.00, 'Alyssum lenense Adams', '2021-03-14 13:06:20', '2021-03-14 13:15:01', '2021-03-14 13:15:01', 0),
(363, 14, 3, 149, '{\"lat\": \"53.224496\", \"lng\": \"49.194956\"}', 0, NULL, '1986-07-08 20:00:00', 149, 'Schivereckia hyperborea (L.) Berkutenko', 'Шиверекия северная', 'Самарская обл., Ставропольский р-н, 3 км к востоку от с. Жигули, Молодецкий курган, западный склон.', 1500, 'Головин В.И.', 'Плаксина Т.И.', 2.00, 'Schivereckia hyperborea (L.) Berkutenko', '2021-03-14 13:06:20', '2021-03-14 13:15:01', '2021-03-14 13:15:01', 0);
INSERT INTO `museum_posts` (`id`, `category_id`, `user_id`, `inventory_number`, `coordinates`, `is_published`, `published_at`, `collection_date`, `barcode`, `adopted_name`, `russian_name`, `label_text`, `accuracy`, `collectors`, `determination`, `environmental_status`, `label_name`, `created_at`, `updated_at`, `deleted_at`, `count_views`) VALUES
(364, 14, 3, 150, '{\"lat\": \"53.224554\", \"lng\": \"49.201706\", \"title\": null}', 1, '2021-03-14 13:13:43', '1986-07-26 20:00:00', 150, 'Schivereckia hyperborea (L.) Berkutenko', 'Шиверекия северная', 'Самарская обл., Ставропольский р-н, 3 км к востоку от с. Жигули Молодецкий курган, юго-западный склон.', 1500, 'Головин В.И.', 'Головин В.И.', 2.00, 'Schivereckia hyperborea (L.) Berkutenko', '2021-03-14 13:06:20', '2021-03-14 13:15:01', '2021-03-14 13:15:01', 0),
(365, 14, 3, 209, '{\"lat\": \"53.28173\", \"lng\": \"48.545019\"}', 0, NULL, '1992-08-06 20:00:00', 209, 'Diplotaxis tenuifolia subsp. cretacea (Kotov) Sobrino Vesperinas', 'Двурядка меловая', 'Самарский обл., Шигонский р-н, 1 км от с. Левашовка. По склону холма, недалеко от родника.', 2000, 'Головин В.И., Плаксина Т.И.', NULL, 4.00, 'Diplotaxis cretacea Kotov', '2021-03-14 13:06:20', '2021-03-14 13:13:52', '2021-03-14 13:13:52', 0),
(366, 13, 3, 210, '{\"lat\": \"53.104026\", \"lng\": \"54.04352\"}', 0, NULL, '2005-06-10 20:00:00', 210, 'Astragalus scopaeformis Ledeb.', 'Астрагал вениковидный', 'Оренбургская обл., Пономаревский р-н, 1 км на север от с. Алябьево. Разнотравные плотнодерновинные степи.', 500, 'Рыжкова О.В.', 'Сытин А.К.', 3.00, 'Astragalus scopaeformis Ledeb.', '2021-03-14 13:06:20', '2021-03-14 13:13:52', NULL, 0),
(367, 13, 3, 245, '{\"lat\": \"53.175213\", \"lng\": \"50.46464\"}', 0, NULL, '2008-05-14 20:00:00', 245, 'Astragalus zingeri Korzchinsky', 'Астрагал Цингера', 'Самарская обл., Кинельский р-н, окр. с. Преображенка. Степные холмы.', 4000, 'Кудашкина Т.А., Картавых Т.Н.', 'Сытин А.К.', 3.00, 'Astragalus zingeri Korzchinsky', '2021-03-14 13:06:20', '2021-03-14 13:13:52', '2021-03-14 13:13:52', 0),
(368, 13, 3, 246, '{\"lat\": \"53.175213\", \"lng\": \"50.46464\"}', 0, NULL, '2008-05-14 20:00:00', 246, 'Astragalus zingeri Korzchinsky', 'Астрагал Цингера', 'Самарская обл., Кинельский р-н, окр. с. Преображенка. Степные холмы.', 4000, 'Кудашкина Т.А., Картавых Т.Н.', 'Сытин А.К.', 3.00, 'Astragalus zingeri Korzchinsky', '2021-03-14 13:06:20', '2021-03-14 13:13:52', '2021-03-14 13:13:52', 0),
(369, 13, 3, 247, '{\"lat\": \"53.183791\", \"lng\": \"50.453996\"}', 0, NULL, '2008-06-14 20:00:00', 247, 'Astragalus zingeri Korzchinsky', 'Астрагал Цингера', 'Самарская обл., Кинельский р-н.Степные холмы в окр. д/м Гвардейцы.', 1000, 'Кудашкина Т.А., Картавых Т.Н.', NULL, 3.00, 'Astragalus zingeri Korzchinsky', '2021-03-14 13:06:20', '2021-03-14 13:13:52', '2021-03-14 13:13:52', 0),
(370, 1, 3, 5, '{\"lat\": \"54.194764\", \"lng\": \"51.115201\"}', 0, NULL, '2014-06-24 20:00:00', 5, 'Bupleurum longifolium subsp. aureum (Fisch ex Hoffm.) Soó ', 'Володушка золотистая', 'Самарская обл., Челно-Вершинский р-н, вблизи п.п. \"Дубрава водоохранная\". Лесная поляна.', 5000, 'Корчикова Т.А., Буранова Ю.Г.', 'Плаксина Т.И.', 3.00, 'Bupleurum aureum (Hoffm.) Fisch. ex Hoffm.', '2021-03-14 18:45:22', '2021-03-14 18:54:06', '2021-03-14 18:54:06', 0),
(371, 15, 3, 40, '{\"lat\": \"53.152287\", \"lng\": \"49.105873\"}', 0, NULL, '1992-09-08 20:00:00', 40, 'Helichrysum arenarium (L.) Moench ', 'Цмин песчаный', 'Самарская обл., Безенчукский р-н, Усинский залив, дер. Переволоки. Лесная  поляна у дороги, в сосняках.', 1500, 'Бочкарева Г.В.', NULL, 5.00, 'Helichrysum arenarium (L.) Moench ', '2021-03-14 18:45:22', '2021-03-14 18:54:06', '2021-03-14 18:54:06', 0),
(372, 15, 3, 42, '{\"lat\": \"5.2582933\", \"lng\": \"51.14635\"}', 0, NULL, '1986-07-11 20:00:00', 42, 'Helichrysum arenarium (L.) Moench ', 'Цмин песчаный', 'Куйбышевская обл., Кинельский р-н, Красносамарское лесничество. Песчаная степь.', 3000, 'Назарова Н.А.', NULL, 5.00, 'Helichrysum arenarium (L.) Moench ', '2021-03-14 18:45:22', '2021-03-14 18:54:06', '2021-03-14 18:54:06', 0),
(373, 14, 3, 148, '{\"lat\": \"53.222757\", \"lng\": \"49.203051\"}', 0, NULL, '1986-07-20 20:00:00', 148, 'Alyssum lenense Adams', 'Бурачок ленский', 'Самарская обл., Ставропольский р-н, 2-3 км к востоку от с. Жигули, Молодецкий курган, южный склон. Известняк.', 1500, 'Головин В.И.', 'Головин В.И.', 3.00, 'Alyssum lenense Adams', '2021-03-14 18:45:22', '2021-03-14 18:54:06', '2021-03-14 18:54:06', 0),
(374, 14, 3, 149, '{\"lat\": \"53.224496\", \"lng\": \"49.194956\"}', 0, NULL, '1986-07-08 20:00:00', 149, 'Schivereckia hyperborea (L.) Berkutenko', 'Шиверекия северная', 'Самарская обл., Ставропольский р-н, 3 км к востоку от с. Жигули, Молодецкий курган, западный склон.', 1500, 'Головин В.И.', 'Плаксина Т.И.', 2.00, 'Schivereckia hyperborea (L.) Berkutenko', '2021-03-14 18:45:22', '2021-03-14 18:54:06', '2021-03-14 18:54:06', 0),
(375, 14, 3, 150, '{\"lat\": \"53.224554\", \"lng\": \"49.201706\"}', 0, NULL, '1986-07-26 20:00:00', 150, 'Schivereckia hyperborea (L.) Berkutenko', 'Шиверекия северная', 'Самарская обл., Ставропольский р-н, 3 км к востоку от с. Жигули Молодецкий курган, юго-западный склон.', 1500, 'Головин В.И.', 'Головин В.И.', 2.00, 'Schivereckia hyperborea (L.) Berkutenko', '2021-03-14 18:45:22', '2021-03-14 18:54:06', '2021-03-14 18:54:06', 0),
(376, 14, 3, 209, '{\"lat\": \"53.28173\", \"lng\": \"48.545019\"}', 0, NULL, '1992-08-06 20:00:00', 209, 'Diplotaxis tenuifolia subsp. cretacea (Kotov) Sobrino Vesperinas', 'Двурядка меловая', 'Самарский обл., Шигонский р-н, 1 км от с. Левашовка. По склону холма, недалеко от родника.', 2000, 'Головин В.И., Плаксина Т.И.', NULL, 4.00, 'Diplotaxis cretacea Kotov', '2021-03-14 18:45:22', '2021-03-14 18:54:06', '2021-03-14 18:54:06', 0),
(377, 13, 3, 210, '{\"lat\": \"53.104026\", \"lng\": \"54.04352\"}', 0, NULL, '2005-06-10 20:00:00', 210, 'Astragalus scopaeformis Ledeb.', 'Астрагал вениковидный', 'Оренбургская обл., Пономаревский р-н, 1 км на север от с. Алябьево. Разнотравные плотнодерновинные степи.', 500, 'Рыжкова О.В.', 'Сытин А.К.', 3.00, 'Astragalus scopaeformis Ledeb.', '2021-03-14 18:45:22', '2021-03-14 18:54:06', NULL, 0),
(378, 13, 3, 245, '{\"lat\": \"53.175213\", \"lng\": \"50.46464\"}', 0, NULL, '2008-05-14 20:00:00', 245, 'Astragalus zingeri Korzchinsky', 'Астрагал Цингера', 'Самарская обл., Кинельский р-н, окр. с. Преображенка. Степные холмы.', 4000, 'Кудашкина Т.А., Картавых Т.Н.', 'Сытин А.К.', 3.00, 'Astragalus zingeri Korzchinsky', '2021-03-14 18:45:22', '2021-03-14 18:54:06', '2021-03-14 18:54:06', 0),
(379, 13, 3, 246, '{\"lat\": \"53.175213\", \"lng\": \"50.46464\"}', 0, NULL, '2008-05-14 20:00:00', 246, 'Astragalus zingeri Korzchinsky', 'Астрагал Цингера', 'Самарская обл., Кинельский р-н, окр. с. Преображенка. Степные холмы.', 4000, 'Кудашкина Т.А., Картавых Т.Н.', 'Сытин А.К.', 3.00, 'Astragalus zingeri Korzchinsky', '2021-03-14 18:45:22', '2021-03-14 18:53:58', '2021-03-14 18:53:58', 0),
(380, 13, 3, 247, '{\"lat\": \"53.183791\", \"lng\": \"50.453996\"}', 0, NULL, '2008-06-14 20:00:00', 247, 'Astragalus zingeri Korzchinsky', 'Астрагал Цингера', 'Самарская обл., Кинельский р-н.Степные холмы в окр. д/м Гвардейцы.', 1000, 'Кудашкина Т.А., Картавых Т.Н.', NULL, 3.00, 'Astragalus zingeri Korzchinsky', '2021-03-14 18:45:22', '2021-03-14 18:53:58', '2021-03-14 18:53:58', 0),
(381, 1, 3, 5, '{\"lat\": \"54.194764\", \"lng\": \"51.115201\"}', 0, NULL, '2014-06-24 20:00:00', 5, 'Bupleurum longifolium subsp. aureum (Fisch ex Hoffm.) Soó ', 'Володушка золотистая', 'Самарская обл., Челно-Вершинский р-н, вблизи п.п. \"Дубрава водоохранная\". Лесная поляна.', 5000, 'Корчикова Т.А., Буранова Ю.Г.', 'Плаксина Т.И.', 3.00, 'Bupleurum aureum (Hoffm.) Fisch. ex Hoffm.', '2021-03-14 18:47:22', '2021-03-14 18:53:58', '2021-03-14 18:53:58', 0),
(382, 15, 3, 40, '{\"lat\": \"53.152287\", \"lng\": \"49.105873\"}', 0, NULL, '1992-09-08 20:00:00', 40, 'Helichrysum arenarium (L.) Moench ', 'Цмин песчаный', 'Самарская обл., Безенчукский р-н, Усинский залив, дер. Переволоки. Лесная  поляна у дороги, в сосняках.', 1500, 'Бочкарева Г.В.', NULL, 5.00, 'Helichrysum arenarium (L.) Moench ', '2021-03-14 18:47:22', '2021-03-14 18:53:58', '2021-03-14 18:53:58', 0),
(383, 15, 3, 42, '{\"lat\": \"5.2582933\", \"lng\": \"51.14635\"}', 0, NULL, '1986-07-11 20:00:00', 42, 'Helichrysum arenarium (L.) Moench ', 'Цмин песчаный', 'Куйбышевская обл., Кинельский р-н, Красносамарское лесничество. Песчаная степь.', 3000, 'Назарова Н.А.', NULL, 5.00, 'Helichrysum arenarium (L.) Moench ', '2021-03-14 18:47:22', '2021-03-14 18:53:58', '2021-03-14 18:53:58', 0),
(384, 14, 3, 148, '{\"lat\": \"53.222757\", \"lng\": \"49.203051\"}', 0, NULL, '1986-07-20 20:00:00', 148, 'Alyssum lenense Adams', 'Бурачок ленский', 'Самарская обл., Ставропольский р-н, 2-3 км к востоку от с. Жигули, Молодецкий курган, южный склон. Известняк.', 1500, 'Головин В.И.', 'Головин В.И.', 3.00, 'Alyssum lenense Adams', '2021-03-14 18:47:22', '2021-03-14 18:53:58', '2021-03-14 18:53:58', 0),
(385, 14, 3, 149, '{\"lat\": \"53.224496\", \"lng\": \"49.194956\"}', 0, NULL, '1986-07-08 20:00:00', 149, 'Schivereckia hyperborea (L.) Berkutenko', 'Шиверекия северная', 'Самарская обл., Ставропольский р-н, 3 км к востоку от с. Жигули, Молодецкий курган, западный склон.', 1500, 'Головин В.И.', 'Плаксина Т.И.', 2.00, 'Schivereckia hyperborea (L.) Berkutenko', '2021-03-14 18:47:22', '2021-03-14 18:53:58', '2021-03-14 18:53:58', 0),
(386, 14, 3, 150, '{\"lat\": \"53.224554\", \"lng\": \"49.201706\"}', 0, NULL, '1986-07-26 20:00:00', 150, 'Schivereckia hyperborea (L.) Berkutenko', 'Шиверекия северная', 'Самарская обл., Ставропольский р-н, 3 км к востоку от с. Жигули Молодецкий курган, юго-западный склон.', 1500, 'Головин В.И.', 'Головин В.И.', 2.00, 'Schivereckia hyperborea (L.) Berkutenko', '2021-03-14 18:47:22', '2021-03-14 18:53:58', '2021-03-14 18:53:58', 0),
(387, 14, 3, 209, '{\"lat\": \"53.28173\", \"lng\": \"48.545019\"}', 0, NULL, '1992-08-06 20:00:00', 209, 'Diplotaxis tenuifolia subsp. cretacea (Kotov) Sobrino Vesperinas', 'Двурядка меловая', 'Самарский обл., Шигонский р-н, 1 км от с. Левашовка. По склону холма, недалеко от родника.', 2000, 'Головин В.И., Плаксина Т.И.', NULL, 4.00, 'Diplotaxis cretacea Kotov', '2021-03-14 18:47:22', '2021-03-14 18:53:58', '2021-03-14 18:53:58', 0),
(388, 13, 3, 210, '{\"lat\": \"53.104026\", \"lng\": \"54.04352\"}', 0, NULL, '2005-06-10 20:00:00', 210, 'Astragalus scopaeformis Ledeb.', 'Астрагал вениковидный', 'Оренбургская обл., Пономаревский р-н, 1 км на север от с. Алябьево. Разнотравные плотнодерновинные степи.', 500, 'Рыжкова О.В.', 'Сытин А.К.', 3.00, 'Astragalus scopaeformis Ledeb.', '2021-03-14 18:47:22', '2021-03-14 18:53:58', NULL, 0),
(389, 13, 3, 245, '{\"lat\": \"53.175213\", \"lng\": \"50.46464\"}', 0, NULL, '2008-05-14 20:00:00', 245, 'Astragalus zingeri Korzchinsky', 'Астрагал Цингера', 'Самарская обл., Кинельский р-н, окр. с. Преображенка. Степные холмы.', 4000, 'Кудашкина Т.А., Картавых Т.Н.', 'Сытин А.К.', 3.00, 'Astragalus zingeri Korzchinsky', '2021-03-14 18:47:22', '2021-03-14 18:53:53', '2021-03-14 18:53:53', 0),
(390, 13, 3, 246, '{\"lat\": \"53.175213\", \"lng\": \"50.46464\", \"title\": null}', 1, '2021-03-14 18:47:37', '2008-05-14 20:00:00', 246, 'Astragalus zingeri Korzchinsky', 'Астрагал Цингера', 'Самарская обл., Кинельский р-н, окр. с. Преображенка. Степные холмы.', 4000, 'Кудашкина Т.А., Картавых Т.Н.', 'Сытин А.К.', 3.00, 'Astragalus zingeri Korzchinsky', '2021-03-14 18:47:22', '2021-03-14 18:53:53', '2021-03-14 18:53:53', 0),
(391, 13, 3, 247, '{\"lat\": \"53.183791\", \"lng\": \"50.453996\"}', 0, NULL, '2008-06-14 20:00:00', 247, 'Astragalus zingeri Korzchinsky', 'Астрагал Цингера', 'Самарская обл., Кинельский р-н.Степные холмы в окр. д/м Гвардейцы.', 1000, 'Кудашкина Т.А., Картавых Т.Н.', NULL, 3.00, 'Astragalus zingeri Korzchinsky', '2021-03-14 18:47:22', '2021-03-14 18:53:53', '2021-03-14 18:53:53', 0),
(392, 1, 3, 5, '{\"lat\": \"54.194764\", \"lng\": \"51.115201\"}', 0, NULL, '2014-06-24 20:00:00', 5, 'Bupleurum longifolium subsp. aureum (Fisch ex Hoffm.) Soó ', 'Володушка золотистая', 'Самарская обл., Челно-Вершинский р-н, вблизи п.п. \"Дубрава водоохранная\". Лесная поляна.', 5000, 'Корчикова Т.А., Буранова Ю.Г.', 'Плаксина Т.И.', 3.00, 'Bupleurum aureum (Hoffm.) Fisch. ex Hoffm.', '2021-03-14 18:47:50', '2021-03-14 18:53:53', '2021-03-14 18:53:53', 0),
(393, 1, 3, 5, '{\"lat\": \"54.194764\", \"lng\": \"51.115201\"}', 0, NULL, '2014-06-24 20:00:00', 5, 'Bupleurum longifolium subsp. aureum (Fisch ex Hoffm.) Soó ', 'Володушка золотистая', 'Самарская обл., Челно-Вершинский р-н, вблизи п.п. \"Дубрава водоохранная\". Лесная поляна.', 5000, 'Корчикова Т.А., Буранова Ю.Г.', 'Плаксина Т.И.', 3.00, 'Bupleurum aureum (Hoffm.) Fisch. ex Hoffm.', '2021-03-14 18:51:26', '2021-03-14 18:53:53', '2021-03-14 18:53:53', 0),
(394, 1, 3, 5, '{\"lat\": \"54.194764\", \"lng\": \"51.115201\"}', 0, NULL, '2014-06-24 20:00:00', 5, 'Bupleurum longifolium subsp. aureum (Fisch ex Hoffm.) Soó ', 'Володушка золотистая', 'Самарская обл., Челно-Вершинский р-н, вблизи п.п. \"Дубрава водоохранная\". Лесная поляна.', 5000, 'Корчикова Т.А., Буранова Ю.Г.', 'Плаксина Т.И.', 3.00, 'Bupleurum aureum (Hoffm.) Fisch. ex Hoffm.', '2021-03-14 18:51:50', '2021-03-14 18:53:53', '2021-03-14 18:53:53', 0),
(395, 1, 3, 5, '{\"lat\": \"54.194764\", \"lng\": \"51.115201\"}', 0, NULL, '2014-06-24 20:00:00', 5, 'Bupleurum longifolium subsp. aureum (Fisch ex Hoffm.) Soó ', 'Володушка золотистая', 'Самарская обл., Челно-Вершинский р-н, вблизи п.п. \"Дубрава водоохранная\". Лесная поляна.', 5000, 'Корчикова Т.А., Буранова Ю.Г.', 'Плаксина Т.И.', 3.00, 'Bupleurum aureum (Hoffm.) Fisch. ex Hoffm.', '2021-03-14 18:52:05', '2021-03-14 18:53:53', '2021-03-14 18:53:53', 0),
(396, 1, 3, 5, '{\"lat\": \"54.194764\", \"lng\": \"51.115201\"}', 0, NULL, '2014-06-24 20:00:00', 5, 'Bupleurum longifolium subsp. aureum (Fisch ex Hoffm.) Soó ', 'Володушка золотистая', 'Самарская обл., Челно-Вершинский р-н, вблизи п.п. \"Дубрава водоохранная\". Лесная поляна.', 5000, 'Корчикова Т.А., Буранова Ю.Г.', 'Плаксина Т.И.', 3.00, 'Bupleurum aureum (Hoffm.) Fisch. ex Hoffm.', '2021-03-14 18:52:12', '2021-03-14 18:53:53', '2021-03-14 18:53:53', 0),
(397, 15, 3, 40, '{\"lat\": \"53.152287\", \"lng\": \"49.105873\"}', 0, NULL, '1992-09-08 20:00:00', 40, 'Helichrysum arenarium (L.) Moench ', 'Цмин песчаный', 'Самарская обл., Безенчукский р-н, Усинский залив, дер. Переволоки. Лесная  поляна у дороги, в сосняках.', 1500, 'Бочкарева Г.В.', NULL, 5.00, 'Helichrysum arenarium (L.) Moench ', '2021-03-14 18:52:12', '2021-03-14 18:53:53', '2021-03-14 18:53:53', 0),
(398, 15, 3, 42, '{\"lat\": \"5.2582933\", \"lng\": \"51.14635\"}', 0, NULL, '1986-07-11 20:00:00', 42, 'Helichrysum arenarium (L.) Moench ', 'Цмин песчаный', 'Куйбышевская обл., Кинельский р-н, Красносамарское лесничество. Песчаная степь.', 3000, 'Назарова Н.А.', NULL, 5.00, 'Helichrysum arenarium (L.) Moench ', '2021-03-14 18:52:12', '2021-03-14 18:53:53', '2021-03-14 18:53:53', 0),
(399, 14, 3, 148, '{\"lat\": \"53.222757\", \"lng\": \"49.203051\"}', 0, NULL, '1986-07-20 20:00:00', 148, 'Alyssum lenense Adams', 'Бурачок ленский', 'Самарская обл., Ставропольский р-н, 2-3 км к востоку от с. Жигули, Молодецкий курган, южный склон. Известняк.', 1500, 'Головин В.И.', 'Головин В.И.', 3.00, 'Alyssum lenense Adams', '2021-03-14 18:52:12', '2021-03-14 18:53:49', '2021-03-14 18:53:49', 0),
(400, 14, 3, 149, '{\"lat\": \"53.224496\", \"lng\": \"49.194956\"}', 0, NULL, '1986-07-08 20:00:00', 149, 'Schivereckia hyperborea (L.) Berkutenko', 'Шиверекия северная', 'Самарская обл., Ставропольский р-н, 3 км к востоку от с. Жигули, Молодецкий курган, западный склон.', 1500, 'Головин В.И.', 'Плаксина Т.И.', 2.00, 'Schivereckia hyperborea (L.) Berkutenko', '2021-03-14 18:52:12', '2021-03-14 18:53:49', '2021-03-14 18:53:49', 0),
(401, 14, 3, 150, '{\"lat\": \"53.224554\", \"lng\": \"49.201706\"}', 0, NULL, '1986-07-26 20:00:00', 150, 'Schivereckia hyperborea (L.) Berkutenko', 'Шиверекия северная', 'Самарская обл., Ставропольский р-н, 3 км к востоку от с. Жигули Молодецкий курган, юго-западный склон.', 1500, 'Головин В.И.', 'Головин В.И.', 2.00, 'Schivereckia hyperborea (L.) Berkutenko', '2021-03-14 18:52:12', '2021-03-14 18:53:49', '2021-03-14 18:53:49', 0),
(402, 14, 3, 209, '{\"lat\": \"53.28173\", \"lng\": \"48.545019\"}', 0, NULL, '1992-08-06 20:00:00', 209, 'Diplotaxis tenuifolia subsp. cretacea (Kotov) Sobrino Vesperinas', 'Двурядка меловая', 'Самарский обл., Шигонский р-н, 1 км от с. Левашовка. По склону холма, недалеко от родника.', 2000, 'Головин В.И., Плаксина Т.И.', NULL, 4.00, 'Diplotaxis cretacea Kotov', '2021-03-14 18:52:12', '2021-03-14 18:53:49', '2021-03-14 18:53:49', 0),
(403, 13, 3, 210, '{\"lat\": \"53.104026\", \"lng\": \"54.04352\"}', 0, NULL, '2005-06-10 20:00:00', 210, 'Astragalus scopaeformis Ledeb.', 'Астрагал вениковидный', 'Оренбургская обл., Пономаревский р-н, 1 км на север от с. Алябьево. Разнотравные плотнодерновинные степи.', 500, 'Рыжкова О.В.', 'Сытин А.К.', 3.00, 'Astragalus scopaeformis Ledeb.', '2021-03-14 18:52:12', '2021-03-14 18:53:49', NULL, 0),
(404, 13, 3, 245, '{\"lat\": \"53.175213\", \"lng\": \"50.46464\"}', 0, NULL, '2008-05-14 20:00:00', 245, 'Astragalus zingeri Korzchinsky', 'Астрагал Цингера', 'Самарская обл., Кинельский р-н, окр. с. Преображенка. Степные холмы.', 4000, 'Кудашкина Т.А., Картавых Т.Н.', 'Сытин А.К.', 3.00, 'Astragalus zingeri Korzchinsky', '2021-03-14 18:52:12', '2021-03-14 18:53:49', '2021-03-14 18:53:49', 0),
(405, 13, 3, 246, '{\"lat\": \"53.175213\", \"lng\": \"50.46464\"}', 0, NULL, '2008-05-14 20:00:00', 246, 'Astragalus zingeri Korzchinsky', 'Астрагал Цингера', 'Самарская обл., Кинельский р-н, окр. с. Преображенка. Степные холмы.', 4000, 'Кудашкина Т.А., Картавых Т.Н.', 'Сытин А.К.', 3.00, 'Astragalus zingeri Korzchinsky', '2021-03-14 18:52:12', '2021-03-14 18:53:49', '2021-03-14 18:53:49', 0),
(406, 13, 3, 247, '{\"lat\": \"53.183791\", \"lng\": \"50.453996\"}', 0, NULL, '2008-06-14 20:00:00', 247, 'Astragalus zingeri Korzchinsky', 'Астрагал Цингера', 'Самарская обл., Кинельский р-н.Степные холмы в окр. д/м Гвардейцы.', 1000, 'Кудашкина Т.А., Картавых Т.Н.', NULL, 3.00, 'Astragalus zingeri Korzchinsky', '2021-03-14 18:52:12', '2021-03-14 18:53:49', '2021-03-14 18:53:49', 0),
(407, 1, 3, 5, '{\"lat\": \"54.194764\", \"lng\": \"51.115201\"}', 0, NULL, '2014-06-24 20:00:00', 5, 'Bupleurum longifolium subsp. aureum (Fisch ex Hoffm.) Soó ', 'Володушка золотистая', 'Самарская обл., Челно-Вершинский р-н, вблизи п.п. \"Дубрава водоохранная\". Лесная поляна.', 5000, 'Корчикова Т.А., Буранова Ю.Г.', 'Плаксина Т.И.', 3.00, 'Bupleurum aureum (Hoffm.) Fisch. ex Hoffm.', '2021-03-14 18:52:52', '2021-03-14 18:53:49', '2021-03-14 18:53:49', 0),
(408, 1, 3, 5, '{\"lat\": \"54.194764\", \"lng\": \"51.115201\"}', 0, NULL, '2014-06-24 20:00:00', 5, 'Bupleurum longifolium subsp. aureum (Fisch ex Hoffm.) Soó ', 'Володушка золотистая', 'Самарская обл., Челно-Вершинский р-н, вблизи п.п. \"Дубрава водоохранная\". Лесная поляна.', 5000, 'Корчикова Т.А., Буранова Ю.Г.', 'Плаксина Т.И.', 3.00, 'Bupleurum aureum (Hoffm.) Fisch. ex Hoffm.', '2021-03-14 18:53:30', '2021-03-14 18:53:49', '2021-03-14 18:53:49', 0),
(409, 1, 3, 5, '{\"lat\": \"54.194764\", \"lng\": \"51.115201\"}', 0, NULL, '2014-06-24 20:00:00', 5, 'Bupleurum longifolium subsp. aureum (Fisch ex Hoffm.) Soó ', 'Володушка золотистая', 'Самарская обл., Челно-Вершинский р-н, вблизи п.п. \"Дубрава водоохранная\". Лесная поляна.', 5000, 'Корчикова Т.А., Буранова Ю.Г.', 'Плаксина Т.И.', 3.00, 'Bupleurum aureum (Hoffm.) Fisch. ex Hoffm.', '2021-03-14 18:55:12', '2021-03-26 14:40:41', '2021-03-26 14:40:41', 0),
(410, 1, 3, 5, '{\"lat\": \"54.194764\", \"lng\": \"51.115201\"}', 0, NULL, '2014-06-24 20:00:00', 5, 'Bupleurum longifolium subsp. aureum (Fisch ex Hoffm.) Soó ', 'Володушка золотистая', 'Самарская обл., Челно-Вершинский р-н, вблизи п.п. \"Дубрава водоохранная\". Лесная поляна.', 5000, 'Корчикова Т.А., Буранова Ю.Г.', 'Плаксина Т.И.', 3.00, 'Bupleurum aureum (Hoffm.) Fisch. ex Hoffm.', '2021-03-14 18:55:19', '2021-03-26 14:40:41', '2021-03-26 14:40:41', 0),
(411, 1, 3, 5, '{\"lat\": \"54.194764\", \"lng\": \"51.115201\"}', 0, NULL, '2014-06-24 20:00:00', 5, 'Bupleurum longifolium subsp. aureum (Fisch ex Hoffm.) Soó ', 'Володушка золотистая', 'Самарская обл., Челно-Вершинский р-н, вблизи п.п. \"Дубрава водоохранная\". Лесная поляна.', 5000, 'Корчикова Т.А., Буранова Ю.Г.', 'Плаксина Т.И.', 3.00, 'Bupleurum aureum (Hoffm.) Fisch. ex Hoffm.', '2021-03-14 18:57:24', '2021-03-26 14:40:41', '2021-03-26 14:40:41', 0),
(412, 1, 3, 5, '{\"lat\": \"54.194764\", \"lng\": \"51.115201\"}', 0, NULL, '2014-06-24 20:00:00', 5, 'Bupleurum longifolium subsp. aureum (Fisch ex Hoffm.) Soó ', 'Володушка золотистая', 'Самарская обл., Челно-Вершинский р-н, вблизи п.п. \"Дубрава водоохранная\". Лесная поляна.', 5000, 'Корчикова Т.А., Буранова Ю.Г.', 'Плаксина Т.И.', 3.00, 'Bupleurum aureum (Hoffm.) Fisch. ex Hoffm.', '2021-03-14 19:02:24', '2021-03-26 14:40:41', '2021-03-26 14:40:41', 0),
(413, 1, 3, 5, '{\"lat\": \"54.194764\", \"lng\": \"51.115201\"}', 0, NULL, '2014-06-24 20:00:00', 5, 'Bupleurum longifolium subsp. aureum (Fisch ex Hoffm.) Soó ', 'Володушка золотистая', 'Самарская обл., Челно-Вершинский р-н, вблизи п.п. \"Дубрава водоохранная\". Лесная поляна.', 5000, 'Корчикова Т.А., Буранова Ю.Г.', 'Плаксина Т.И.', 3.00, 'Bupleurum aureum (Hoffm.) Fisch. ex Hoffm.', '2021-03-14 19:08:54', '2021-03-26 14:40:41', '2021-03-26 14:40:41', 0),
(414, 1, 3, 5, '{\"lat\": \"54.194764\", \"lng\": \"51.115201\"}', 0, NULL, '2014-06-24 20:00:00', 5, 'Bupleurum longifolium subsp. aureum (Fisch ex Hoffm.) Soó ', 'Володушка золотистая', 'Самарская обл., Челно-Вершинский р-н, вблизи п.п. \"Дубрава водоохранная\". Лесная поляна.', 5000, 'Корчикова Т.А., Буранова Ю.Г.', 'Плаксина Т.И.', 3.00, 'Bupleurum aureum (Hoffm.) Fisch. ex Hoffm.', '2021-03-26 13:56:31', '2021-03-26 14:40:41', '2021-03-26 14:40:41', 0),
(415, 1, 3, 5, '{\"lat\": \"54.194764\", \"lng\": \"51.115201\"}', 0, NULL, '2014-06-24 20:00:00', 5, 'Bupleurum longifolium subsp. aureum (Fisch ex Hoffm.) Soó ', 'Володушка золотистая', 'Самарская обл., Челно-Вершинский р-н, вблизи п.п. \"Дубрава водоохранная\". Лесная поляна.', 5000, 'Корчикова Т.А., Буранова Ю.Г.', 'Плаксина Т.И.', 3.00, 'Bupleurum aureum (Hoffm.) Fisch. ex Hoffm.', '2021-03-26 13:59:14', '2021-03-26 14:40:41', '2021-03-26 14:40:41', 0),
(416, 1, 3, 5, '{\"lat\": \"54.194764\", \"lng\": \"51.115201\"}', 0, NULL, '2014-06-24 20:00:00', 5, 'Bupleurum longifolium subsp. aureum (Fisch ex Hoffm.) Soó ', 'Володушка золотистая', 'Самарская обл., Челно-Вершинский р-н, вблизи п.п. \"Дубрава водоохранная\". Лесная поляна.', 5000, 'Корчикова Т.А., Буранова Ю.Г.', 'Плаксина Т.И.', 3.00, 'Bupleurum aureum (Hoffm.) Fisch. ex Hoffm.', '2021-03-26 14:05:37', '2021-03-26 14:40:41', '2021-03-26 14:40:41', 0),
(417, 1, 3, 5, '{\"lat\": \"54.194764\", \"lng\": \"51.115201\"}', 0, NULL, '2014-06-24 20:00:00', 5, 'Bupleurum longifolium subsp. aureum (Fisch ex Hoffm.) Soó ', 'Володушка золотистая', 'Самарская обл., Челно-Вершинский р-н, вблизи п.п. \"Дубрава водоохранная\". Лесная поляна.', 5000, 'Корчикова Т.А., Буранова Ю.Г.', 'Плаксина Т.И.', 3.00, 'Bupleurum aureum (Hoffm.) Fisch. ex Hoffm.', '2021-03-26 14:06:29', '2021-03-26 14:40:41', '2021-03-26 14:40:41', 0),
(418, 1, 3, 5, '{\"lat\": \"54.194764\", \"lng\": \"51.115201\"}', 0, NULL, '2014-06-24 20:00:00', 5, 'Bupleurum longifolium subsp. aureum (Fisch ex Hoffm.) Soó ', 'Володушка золотистая', 'Самарская обл., Челно-Вершинский р-н, вблизи п.п. \"Дубрава водоохранная\". Лесная поляна.', 5000, 'Корчикова Т.А., Буранова Ю.Г.', 'Плаксина Т.И.', 3.00, 'Bupleurum aureum (Hoffm.) Fisch. ex Hoffm.', '2021-03-26 14:08:25', '2021-03-26 14:40:41', '2021-03-26 14:40:41', 0),
(419, 1, 3, 5, '{\"lat\": \"54.194764\", \"lng\": \"51.115201\"}', 0, NULL, '2014-06-24 20:00:00', 5, 'Bupleurum longifolium subsp. aureum (Fisch ex Hoffm.) Soó ', 'Володушка золотистая', 'Самарская обл., Челно-Вершинский р-н, вблизи п.п. \"Дубрава водоохранная\". Лесная поляна.', 5000, 'Корчикова Т.А., Буранова Ю.Г.', 'Плаксина Т.И.', 3.00, 'Bupleurum aureum (Hoffm.) Fisch. ex Hoffm.', '2021-03-26 14:09:12', '2021-03-26 14:40:41', '2021-03-26 14:40:41', 0),
(420, 1, 3, 5, '{\"lat\": \"54.194764\", \"lng\": \"51.115201\"}', 0, NULL, '2014-06-24 20:00:00', 5, 'Bupleurum longifolium subsp. aureum (Fisch ex Hoffm.) Soó ', 'Володушка золотистая', 'Самарская обл., Челно-Вершинский р-н, вблизи п.п. \"Дубрава водоохранная\". Лесная поляна.', 5000, 'Корчикова Т.А., Буранова Ю.Г.', 'Плаксина Т.И.', 3.00, 'Bupleurum aureum (Hoffm.) Fisch. ex Hoffm.', '2021-03-26 14:10:04', '2021-03-26 14:40:41', '2021-03-26 14:40:41', 0),
(421, 1, 3, 5, '{\"lat\": \"54.194764\", \"lng\": \"51.115201\"}', 0, NULL, '2014-06-24 20:00:00', 5, 'Bupleurum longifolium subsp. aureum (Fisch ex Hoffm.) Soó ', 'Володушка золотистая', 'Самарская обл., Челно-Вершинский р-н, вблизи п.п. \"Дубрава водоохранная\". Лесная поляна.', 5000, 'Корчикова Т.А., Буранова Ю.Г.', 'Плаксина Т.И.', 3.00, 'Bupleurum aureum (Hoffm.) Fisch. ex Hoffm.', '2021-03-26 14:12:37', '2021-03-26 14:40:41', '2021-03-26 14:40:41', 0),
(422, 1, 3, 5, '{\"lat\": \"54.194764\", \"lng\": \"51.115201\"}', 0, NULL, '2014-06-24 20:00:00', 5, 'Bupleurum longifolium subsp. aureum (Fisch ex Hoffm.) Soó ', 'Володушка золотистая', 'Самарская обл., Челно-Вершинский р-н, вблизи п.п. \"Дубрава водоохранная\". Лесная поляна.', 5000, 'Корчикова Т.А., Буранова Ю.Г.', 'Плаксина Т.И.', 3.00, 'Bupleurum aureum (Hoffm.) Fisch. ex Hoffm.', '2021-03-26 14:14:15', '2021-03-26 14:40:41', '2021-03-26 14:40:41', 0),
(423, 1, 3, 5, '{\"lat\": \"54.194764\", \"lng\": \"51.115201\"}', 0, NULL, '2014-06-24 20:00:00', 5, 'Bupleurum longifolium subsp. aureum (Fisch ex Hoffm.) Soó ', 'Володушка золотистая', 'Самарская обл., Челно-Вершинский р-н, вблизи п.п. \"Дубрава водоохранная\". Лесная поляна.', 5000, 'Корчикова Т.А., Буранова Ю.Г.', 'Плаксина Т.И.', 3.00, 'Bupleurum aureum (Hoffm.) Fisch. ex Hoffm.', '2021-03-26 14:15:23', '2021-03-26 14:40:41', '2021-03-26 14:40:41', 0),
(424, 1, 3, 5, '{\"lat\": \"54.194764\", \"lng\": \"51.115201\"}', 0, NULL, '2014-06-24 20:00:00', 5, 'Bupleurum longifolium subsp. aureum (Fisch ex Hoffm.) Soó ', 'Володушка золотистая', 'Самарская обл., Челно-Вершинский р-н, вблизи п.п. \"Дубрава водоохранная\". Лесная поляна.', 5000, 'Корчикова Т.А., Буранова Ю.Г.', 'Плаксина Т.И.', 3.00, 'Bupleurum aureum (Hoffm.) Fisch. ex Hoffm.', '2021-03-26 14:18:17', '2021-03-26 14:40:41', '2021-03-26 14:40:41', 0),
(425, 1, 3, 5, '{\"lat\": \"54.194764\", \"lng\": \"51.115201\"}', 0, NULL, '2014-06-24 20:00:00', 5, 'Bupleurum longifolium subsp. aureum (Fisch ex Hoffm.) Soó ', 'Володушка золотистая', 'Самарская обл., Челно-Вершинский р-н, вблизи п.п. \"Дубрава водоохранная\". Лесная поляна.', 5000, 'Корчикова Т.А., Буранова Ю.Г.', 'Плаксина Т.И.', 3.00, 'Bupleurum aureum (Hoffm.) Fisch. ex Hoffm.', '2021-03-26 14:22:05', '2021-03-26 14:40:41', '2021-03-26 14:40:41', 0),
(426, 1, 3, 5, '{\"lat\": \"54.194764\", \"lng\": \"51.115201\"}', 0, NULL, '2014-06-24 20:00:00', 5, 'Bupleurum longifolium subsp. aureum (Fisch ex Hoffm.) Soó ', 'Володушка золотистая', 'Самарская обл., Челно-Вершинский р-н, вблизи п.п. \"Дубрава водоохранная\". Лесная поляна.', 5000, 'Корчикова Т.А., Буранова Ю.Г.', 'Плаксина Т.И.', 3.00, 'Bupleurum aureum (Hoffm.) Fisch. ex Hoffm.', '2021-03-26 14:22:40', '2021-03-26 14:40:41', '2021-03-26 14:40:41', 0),
(427, 1, 3, 5, '{\"lat\": \"54.194764\", \"lng\": \"51.115201\"}', 0, NULL, '2014-06-24 20:00:00', 5, 'Bupleurum longifolium subsp. aureum (Fisch ex Hoffm.) Soó ', 'Володушка золотистая', 'Самарская обл., Челно-Вершинский р-н, вблизи п.п. \"Дубрава водоохранная\". Лесная поляна.', 5000, 'Корчикова Т.А., Буранова Ю.Г.', 'Плаксина Т.И.', 3.00, 'Bupleurum aureum (Hoffm.) Fisch. ex Hoffm.', '2021-03-26 14:23:03', '2021-03-26 14:40:41', '2021-03-26 14:40:41', 0),
(428, 1, 3, 5, '{\"lat\": \"54.194764\", \"lng\": \"51.115201\"}', 0, NULL, '2014-06-24 20:00:00', 5, 'Bupleurum longifolium subsp. aureum (Fisch ex Hoffm.) Soó ', 'Володушка золотистая', 'Самарская обл., Челно-Вершинский р-н, вблизи п.п. \"Дубрава водоохранная\". Лесная поляна.', 5000, 'Корчикова Т.А., Буранова Ю.Г.', 'Плаксина Т.И.', 3.00, 'Bupleurum aureum (Hoffm.) Fisch. ex Hoffm.', '2021-03-26 14:23:15', '2021-03-26 14:40:41', '2021-03-26 14:40:41', 0),
(429, 1, 3, 5, '{\"lat\": \"54.194764\", \"lng\": \"51.115201\"}', 0, NULL, '2014-06-24 20:00:00', 5, 'Bupleurum longifolium subsp. aureum (Fisch ex Hoffm.) Soó ', 'Володушка золотистая', 'Самарская обл., Челно-Вершинский р-н, вблизи п.п. \"Дубрава водоохранная\". Лесная поляна.', 5000, 'Корчикова Т.А., Буранова Ю.Г.', 'Плаксина Т.И.', 3.00, 'Bupleurum aureum (Hoffm.) Fisch. ex Hoffm.', '2021-03-26 14:24:49', '2021-03-26 14:40:41', '2021-03-26 14:40:41', 0),
(430, 1, 3, 5, '{\"lat\": 54.209212185865894, \"lng\": 51.16959571838379, \"title\": null}', 0, NULL, '2014-06-24 20:00:00', 5, 'Bupleurum longifolium subsp. aureum (Fisch ex Hoffm.) Soó ', 'Володушка золотистая', 'Самарская обл., Челно-Вершинский р-н, вблизи п.п. \"Дубрава водоохранная\". Лесная поляна.', 5000, 'Корчикова Т.А., Буранова Ю.Г.', 'Плаксина Т.И.', 3.00, 'Bupleurum aureum (Hoffm.) Fisch. ex Hoffm.', '2021-03-26 14:39:43', '2021-03-26 14:40:41', '2021-03-26 14:40:41', 0),
(431, 1, 3, 5, '{\"lat\": \"54.194764\", \"lng\": \"51.115201\"}', 0, NULL, '2014-06-24 20:00:00', 5, 'Bupleurum longifolium subsp. aureum (Fisch ex Hoffm.) Soó ', 'Володушка золотистая', 'Самарская обл., Челно-Вершинский р-н, вблизи п.п. \"Дубрава водоохранная\". Лесная поляна.', 5000, 'Корчикова Т.А., Буранова Ю.Г.', 'Плаксина Т.И.', 3.00, 'Bupleurum aureum (Hoffm.) Fisch. ex Hoffm.', '2021-05-20 17:49:18', '2021-05-20 17:49:18', NULL, 0),
(432, 15, 3, 40, '{\"lat\": \"53.152287\", \"lng\": \"49.105873\"}', 0, NULL, '1992-09-08 20:00:00', 40, 'Helichrysum arenarium (L.) Moench ', 'Цмин песчаный', 'Самарская обл., Безенчукский р-н, Усинский залив, дер. Переволоки. Лесная  поляна у дороги, в сосняках.', 1500, 'Бочкарева Г.В.', NULL, 5.00, 'Helichrysum arenarium (L.) Moench ', '2021-05-20 17:49:18', '2021-05-20 17:49:18', NULL, 0),
(433, 15, 3, 42, '{\"lat\": \"5.2582933\", \"lng\": \"51.14635\"}', 0, NULL, '1986-07-11 20:00:00', 42, 'Helichrysum arenarium (L.) Moench ', 'Цмин песчаный', 'Куйбышевская обл., Кинельский р-н, Красносамарское лесничество. Песчаная степь.', 3000, 'Назарова Н.А.', NULL, 5.00, 'Helichrysum arenarium (L.) Moench ', '2021-05-20 17:49:18', '2021-05-20 17:49:18', NULL, 0),
(434, 14, 3, 148, '{\"lat\": \"53.222757\", \"lng\": \"49.203051\"}', 0, NULL, '1986-07-20 20:00:00', 148, 'Alyssum lenense Adams', 'Бурачок ленский', 'Самарская обл., Ставропольский р-н, 2-3 км к востоку от с. Жигули, Молодецкий курган, южный склон. Известняк.', 1500, 'Головин В.И.', 'Головин В.И.', 3.00, 'Alyssum lenense Adams', '2021-05-20 17:49:18', '2021-05-20 17:49:18', NULL, 0),
(435, 14, 3, 149, '{\"lat\": \"53.224496\", \"lng\": \"49.194956\"}', 0, NULL, '1986-07-08 20:00:00', 149, 'Schivereckia hyperborea (L.) Berkutenko', 'Шиверекия северная', 'Самарская обл., Ставропольский р-н, 3 км к востоку от с. Жигули, Молодецкий курган, западный склон.', 1500, 'Головин В.И.', 'Плаксина Т.И.', 2.00, 'Schivereckia hyperborea (L.) Berkutenko', '2021-05-20 17:49:18', '2021-05-20 17:49:18', NULL, 0),
(436, 14, 3, 150, '{\"lat\": \"53.224554\", \"lng\": \"49.201706\"}', 0, NULL, '1986-07-26 20:00:00', 150, 'Schivereckia hyperborea (L.) Berkutenko', 'Шиверекия северная', 'Самарская обл., Ставропольский р-н, 3 км к востоку от с. Жигули Молодецкий курган, юго-западный склон.', 1500, 'Головин В.И.', 'Головин В.И.', 2.00, 'Schivereckia hyperborea (L.) Berkutenko', '2021-05-20 17:49:18', '2021-05-20 17:49:18', NULL, 0),
(437, 14, 3, 209, '{\"lat\": \"53.28173\", \"lng\": \"48.545019\"}', 0, NULL, '1992-08-06 20:00:00', 209, 'Diplotaxis tenuifolia subsp. cretacea (Kotov) Sobrino Vesperinas', 'Двурядка меловая', 'Самарский обл., Шигонский р-н, 1 км от с. Левашовка. По склону холма, недалеко от родника.', 2000, 'Головин В.И., Плаксина Т.И.', NULL, 4.00, 'Diplotaxis cretacea Kotov', '2021-05-20 17:49:18', '2021-05-20 17:49:18', NULL, 0),
(438, 13, 3, 210, '{\"lat\": \"53.104026\", \"lng\": \"54.04352\"}', 0, NULL, '2005-06-10 20:00:00', 210, 'Astragalus scopaeformis Ledeb.', 'Астрагал вениковидный', 'Оренбургская обл., Пономаревский р-н, 1 км на север от с. Алябьево. Разнотравные плотнодерновинные степи.', 500, 'Рыжкова О.В.', 'Сытин А.К.', 3.00, 'Astragalus scopaeformis Ledeb.', '2021-05-20 17:49:18', '2021-05-20 17:49:18', NULL, 0),
(439, 13, 3, 245, '{\"lat\": \"53.175213\", \"lng\": \"50.46464\"}', 0, NULL, '2008-05-14 20:00:00', 245, 'Astragalus zingeri Korzchinsky', 'Астрагал Цингера', 'Самарская обл., Кинельский р-н, окр. с. Преображенка. Степные холмы.', 4000, 'Кудашкина Т.А., Картавых Т.Н.', 'Сытин А.К.', 3.00, 'Astragalus zingeri Korzchinsky', '2021-05-20 17:49:18', '2021-05-20 17:49:18', NULL, 0),
(440, 13, 3, 246, '{\"lat\": \"53.175213\", \"lng\": \"50.46464\"}', 0, NULL, '2008-05-14 20:00:00', 246, 'Astragalus zingeri Korzchinsky', 'Астрагал Цингера', 'Самарская обл., Кинельский р-н, окр. с. Преображенка. Степные холмы.', 4000, 'Кудашкина Т.А., Картавых Т.Н.', 'Сытин А.К.', 3.00, 'Astragalus zingeri Korzchinsky', '2021-05-20 17:49:18', '2021-05-20 17:49:18', NULL, 0),
(441, 13, 3, 247, '{\"lat\": \"53.183791\", \"lng\": \"50.453996\"}', 0, NULL, '2008-06-14 20:00:00', 247, 'Astragalus zingeri Korzchinsky', 'Астрагал Цингера', 'Самарская обл., Кинельский р-н.Степные холмы в окр. д/м Гвардейцы.', 1000, 'Кудашкина Т.А., Картавых Т.Н.', NULL, 3.00, 'Astragalus zingeri Korzchinsky', '2021-05-20 17:49:18', '2021-05-20 17:49:18', NULL, 0),
(442, 13, 3, 249, '{\"lat\": \"53.175213\", \"lng\": \"50.46464\"}', 0, NULL, '2008-05-14 20:00:00', 249, 'Astragalus zingeri Korzchinsky', 'Астрагал Цингера', 'Самарская обл., Кинельский р-н, окр. с. Преображенка. Степные холмы.', 4000, 'Кудашкина Т.А., Картавых Т.Н.', 'Сытин А.К.', 3.00, 'Astragalus zingeri Korzchinsky', '2021-05-20 17:49:18', '2021-05-20 17:49:18', NULL, 0),
(443, 13, 3, 251, '{\"lat\": \"53.241596\", \"lng\": \"49.184204\"}', 0, NULL, '1986-07-20 20:00:00', 251, 'Astragalus zingeri Korzchinsky', 'Астрагал Цингера', 'Самарская обл., Ставропольский р-н, Молодецкий курган. Южный склон, известняк.', 6000, 'Головин В.И.', NULL, 3.00, 'Astragalus zingeri Korzchinsky', '2021-05-20 17:49:18', '2021-05-20 17:49:18', NULL, 0),
(444, 13, 3, 254, '{\"lat\": \"53.152402\", \"lng\": \"48.36368\"}', 0, NULL, '1990-06-04 20:00:00', 254, 'Astragalus scopaeformis Ledeb.', 'Астрагал вениковидный', 'Куйбышевская обл., Сызранский р-н, окр. с. Троекуровки. Каменистая степь на склонах.', 1000, 'Раков Н.С.', 'Сытин А.К.', 3.00, 'Astragalus scopaeformis Ledeb.', '2021-05-20 17:49:18', '2021-05-20 17:49:18', NULL, 0),
(445, 13, 3, 262, '{\"lat\": \"52.32168\", \"lng\": \"51.133392\"}', 0, NULL, '2010-05-25 20:00:00', 262, 'Astragalus scopaeformis Ledeb.', 'Астрагал вениковидный', 'Самарская обл., Большечерниговский р-н, 4 км на восток от с. Верхние Росташи. Степные холмы.', 1000, 'Кудрявцева Е.А., Колошко Н.В.', 'Сытин А.К.', 3.00, 'Astragalus scopaeformis Ledeb.', '2021-05-20 17:49:18', '2021-05-20 17:49:18', NULL, 0),
(446, 13, 3, 263, '{\"lat\": \"53.282570\", \"lng\": \"53.2867\"}', 0, NULL, '2005-06-27 20:00:00', 263, 'Astragalus scopaeformis Ledeb.', 'Астрагал вениковидный', 'Оренбургская обл., Алексеевский р-н. окр. с. Старокульшарипово.', 1000, 'Плаксина Т.И., Рыжкова О.В.', 'Сытин А.К.', 3.00, 'Astragalus scopaeformis Ledeb.', '2021-05-20 17:49:18', '2021-05-20 17:49:18', NULL, 0),
(447, 13, 3, 268, '{\"lat\": \"53.132594\", \"lng\": \"50.393823\"}', 0, NULL, '2004-06-06 20:00:00', 268, 'Astragalus macropus Bunge', 'Астрагал длинноножковый', 'Самарская обл., Кинельский р-н, 1 км на  сев.-восток от г. Кинель. Луговая степь.', 100, 'Корчиков Е.С.', 'Сытин А.К.', 5.00, 'Astragalus macropus Bunge', '2021-05-20 17:49:18', '2021-05-20 17:49:18', NULL, 0),
(448, 13, 3, 269, '{\"lat\": \"51.475175\", \"lng\": \"50.584773\"}', 0, NULL, '2010-05-24 20:00:00', 269, 'Astragalus macropus Bunge', 'Астрагал длинноножковый', 'Оренбургская обл., Первомайский р-н, окр. п. Курлин.', 1500, 'Кудрявцева Е.А., Колошко Н.В.', 'Сытин А.К.', 5.00, 'Astragalus macropus Bunge', '2021-05-20 17:49:18', '2021-05-20 17:49:18', NULL, 0),
(449, 13, 3, 270, '{\"lat\": \"53.304743\", \"lng\": \"51.464396\"}', 0, NULL, '2009-05-22 20:00:00', 270, 'Astragalus macropus Bunge', 'Астрагал длинноножковый', 'Самарская обл., Похвистневский р-н, с.-з. окраина с. М. Толкай. Разнотравно-ковыльная степь.', 1000, 'Кудашкина Т.И.', 'Кудашкина Т.И., Сытин А.К.', 5.00, 'Astragalus macropus Bunge', '2021-05-20 17:49:18', '2021-05-20 17:49:18', NULL, 0),
(450, 13, 3, 271, '{\"lat\": \"51.475175\", \"lng\": \"50.584773\"}', 0, NULL, '2010-05-24 20:00:00', 271, 'Astragalus macropus Bunge', 'Астрагал длинноножковый', 'Оренбургская обл., Первомайский р-н, п. Курлин.', 1500, 'Кудрявцева Е.А., Колошко Н.В.', 'Сытин А.К.', 5.00, 'Astragalus macropus Bunge', '2021-05-20 17:49:18', '2021-05-20 17:49:18', NULL, 0),
(451, 13, 3, 272, '{\"lat\": \"52.54932\", \"lng\": \"51.134791\"}', 0, NULL, '2010-05-25 20:00:00', 272, 'Astragalus macropus Bunge', 'Астрагал длинноножковый', 'Самарская обл., Большечерниговский р-н, 6 км на с.-в. от с. Верхние Росташи.', 1000, 'Кудрявцева Е.А., Колошко Н.В.', 'Сытин А.К.', 5.00, 'Astragalus macropus Bunge', '2021-05-20 17:49:18', '2021-05-20 17:49:18', NULL, 0),
(452, 13, 3, 273, '{\"lat\": \"53.415185\", \"lng\": \"53.111992\"}', 0, NULL, '2007-07-18 20:00:00', 273, 'Astragalus macropus Bunge', 'Астрагал длинноножковый', 'Оренбургская обл., Алексеевский р-н, 2 км на с.-в. от с. Мочегай. Каменистые степи.', 500, 'Канова Е.Г., Ефименко В.А.', 'Сытин А.К.', 5.00, 'Astragalus macropus Bunge', '2021-05-20 17:49:18', '2021-05-20 17:49:18', NULL, 0),
(453, 13, 3, 274, '{\"lat\": \"52.54932\", \"lng\": \"51.134791\"}', 0, NULL, '2010-05-25 20:00:00', 274, 'Astragalus macropus Bunge', 'Астрагал длинноножковый', 'Самарская обл., Большечерниговский р-н, 6 км на с.-в. от с. Верхние Росташи.', 1000, 'Кудрявцева Е.А., Колошко Н.В.', 'Сытин А.К.', 5.00, 'Astragalus macropus Bunge', '2021-05-20 17:49:18', '2021-05-20 17:49:18', NULL, 0),
(454, 13, 3, 275, '{\"lat\": \"52.54932\", \"lng\": \"51.134791\"}', 0, NULL, '2010-05-25 20:00:00', 275, 'Astragalus macropus Bunge', 'Астрагал длинноножковый', 'Самарская обл., Большечерниговский р-н, 6 км на с.-в. от с. Верхние Росташи.', 1000, 'Кудрявцева Е.А., Колошко Н.В.', 'Сытин А.К.', 5.00, 'Astragalus macropus Bunge', '2021-05-20 17:49:18', '2021-05-20 17:49:18', NULL, 0),
(455, 13, 3, 276, '{\"lat\": \"52.54932\", \"lng\": \"51.134791\"}', 0, NULL, '2010-05-25 20:00:00', 276, 'Astragalus macropus Bunge', 'Астрагал длинноножковый', 'Самарская обл., Большечерниговский р-н, 6 км на с.-в. от с. Верхние Росташи.', 1000, 'Кудрявцева Е.А., Колошко Н.В.', 'Сытин А.К.', 5.00, 'Astragalus macropus Bunge < A. pallescens ', '2021-05-20 17:49:18', '2021-05-20 17:49:18', NULL, 0),
(456, 1, 3, 351, '{\"lat\": \"53.93017\", \"lng\": \"48.212083\"}', 0, NULL, '2008-05-20 20:00:00', 351, 'Iris aphylla L.', 'Ирис безлистный', 'Самарская обл., Сызранский р-н, окр. ст. Новообразцовое. Дубрава в окружении песчаной степи.', 500, 'Плаксина Т.И., Калашникова О.В., Попова Д.С.', NULL, 3.00, 'Iris aphylla L.', '2021-05-20 17:49:18', '2021-05-20 17:49:18', NULL, 0),
(457, 13, 3, 440, '{\"lat\": \"53.403873\", \"lng\": \"52.92144\"}', 0, NULL, '1986-08-08 20:00:00', 440, 'Astragalus helmii Fisch. ex DC.', 'Астрагал Гельма', 'Самарская обл., Похвистневский р-н, 4-5 км к северу от г. Похвистнево, г. Копейка.', 1000, 'Головин В.И.', NULL, 3.00, 'Astragalus helmii  Fisch.', '2021-05-20 17:49:18', '2021-05-20 17:49:18', NULL, 0),
(458, 13, 3, 441, '{\"lat\": \"53.24812\", \"lng\": \"49.184197\"}', 0, NULL, '1986-07-20 20:00:00', 441, 'Astragalus helmii Fisch. ex DC.', 'Астрагал Гельма', 'Самарская обл., Ставропольский р-н, Молодецкий курган, южный склон, известняк.', 3000, 'Головин В.И.', NULL, 3.00, 'Astragalus helmii  Fisch.', '2021-05-20 17:49:18', '2021-05-20 17:49:18', NULL, 0),
(459, 13, 3, 442, '{\"lat\": \"53.24812\", \"lng\": \"49.184197\"}', 0, NULL, '1986-07-20 20:00:00', 442, 'Astragalus helmii Fisch. ex DC.', 'Астрагал Гельма', 'Самарская обл., Ставропольский р-н, Молодецкий курган. Южный склон, известняк.', 3000, 'Головин В.И.', NULL, 3.00, 'Astragalus helmii Fisch.', '2021-05-20 17:49:18', '2021-05-20 17:49:18', NULL, 0),
(460, 13, 3, 444, '{\"lat\": \"53.263625\", \"lng\": \"53.81265\"}', 0, NULL, '2006-07-27 20:00:00', 444, 'Astragalus cornutus Pall.', 'Астрагал рогоплодный', 'Оренбургская обл., Алексеевский р-н, 1 км на с.-в. от с. Тарханы. Заросли кустарников.', 500, 'Рыжкова О.В., Кудашкина Т.А.', NULL, 3.00, 'Astragalus cornutus Pall.', '2021-05-20 17:49:18', '2021-05-20 17:49:18', NULL, 0),
(461, 13, 3, 445, '{\"lat\": \"53.263625\", \"lng\": \"53.81265\"}', 0, NULL, '2006-07-27 20:00:00', 445, 'Astragalus cornutus Pall.', 'Астрагал рогоплодный', 'Оренбургская обл., Алексеевский р-н, 1 км на с.-в. от с. Тарханы. Заросли кустарников.', 500, 'Рыжкова О.В., Кудашкина Т.А.', NULL, 3.00, 'Astragalus cornutus Pall.', '2021-05-20 17:49:18', '2021-05-20 17:49:18', NULL, 0),
(462, 13, 3, 446, '{\"lat\": \"53.263625\", \"lng\": \"53.81265\"}', 0, NULL, '2006-07-27 20:00:00', 446, 'Astragalus cornutus Pall.', 'Астрагал рогоплодный', 'Оренбургская обл., Алексеевский р-н, 1 км на с.-в. от с. Тарханы. Участок кустарниковых зарослей.', 500, 'Рыжкова О.В., Кудашкина Т.А.', NULL, 3.00, 'Astragalus cornutus Pall.', '2021-05-20 17:49:18', '2021-05-20 17:49:18', NULL, 0),
(464, 1, 3, 623, '{\"lat\": \"53.134179\", \"lng\": \"50.01329\"}', 0, NULL, '1996-09-10 20:00:00', 623, 'Gentiana pneumonanthe L.', 'Горечавка лёгочная', 'Самарская обл., Волжский р-н, с. Рождествено, дорога на Шелехметь. Долина реки Волги, луг около естественного водоема.', 4000, 'Сергеев А.В.', 'Нечаев А.В.', 3.00, 'Gentiana pneumonanthe L.', '2021-05-20 17:49:18', '2021-05-20 17:49:18', NULL, 0),
(465, 1, 3, 624, '{\"lat\": \"51.484117\", \"lng\": \"54.91051\"}', 0, NULL, '2007-07-17 20:00:00', 624, 'Gentiana cruciata L.', 'Горечавка перекрёстнолистная', 'Оренбургская обл., Алексеевский р-н, окр. с. Алексеевка. Разнотравно-овсецовая степь.', 3000, 'Попова Д.С.', NULL, NULL, 'Gentiana cruciata L.', '2021-05-20 17:49:18', '2021-05-20 17:49:18', NULL, 0),
(466, 15, 3, 684, '{\"lat\": \"5.2582933\", \"lng\": \"51.14635\"}', 0, NULL, '1986-07-11 20:00:00', 684, 'Helichrysum arenarium (L.) Moench', 'Цмин песчаный', 'Куйбышевская обл. Красносамарское лесничество. Арена р. Самары, песчаная степь.', 3000, 'Поздняков Ю.Н., Киселев С.А.', 'Гуро А.В.', 5.00, 'Helichrysum arenarium (L.) Moench', '2021-05-20 17:49:18', '2021-05-20 17:49:18', NULL, 0),
(467, 1, 3, 716, '{\"lat\": \"53.93017\", \"lng\": \"48.212083\"}', 0, NULL, '2008-05-20 20:00:00', 716, 'Pulsatilla pratensis (L.) Miller', 'Прострел луговой', 'Самарская обл., Сызранский р-н, окр. ст. Новообразцовое. Дубрава на границе с ковыльно-песчаной степью.', 500, 'Плаксина Т.И., Калашникова О.В., Попова Д.С.', NULL, 2.00, 'Pulsatilla pratensis (L.) Miller', '2021-05-20 17:49:18', '2021-05-20 17:49:18', NULL, 0),
(468, 1, 3, 717, '{\"lat\": \"53.93017\", \"lng\": \"48.212083\"}', 0, NULL, '2008-05-20 20:00:00', 717, 'Pulsatilla pratensis (L.) Miller', 'Прострел луговой', 'Самарская обл., Сызранский р-н, окр. ст. Новообразцовое. Ковыльно-песчаная степь в окружении дубрав.', 500, 'Плаксина Т.И., Калашникова О.В., Попова Д.С.', NULL, 2.00, 'Pulsatilla pratensis (L.) Miller', '2021-05-20 17:49:18', '2021-05-20 17:49:18', NULL, 0),
(469, 1, 3, 718, '{\"lat\": \"53.93017\", \"lng\": \"48.212083\"}', 0, NULL, '2008-05-20 20:00:00', 718, 'Pulsatilla patens (L.) Mill.', 'Прострел раскрытый', 'Самарская обл., Сызранский р-н, окр. ст. Новообразцовое. Песчаная степь в окружении дубрав.', 500, 'Плаксина Т.И., Калашникова О.В., Попова Д.С.', NULL, 5.00, 'Pulsatilla patens (L.) Mill.', '2021-05-20 17:49:18', '2021-05-20 17:49:18', NULL, 0),
(470, 13, 3, 815, '{\"lat\": \"53.382184\", \"lng\": \"51.234306\"}', 0, NULL, '2016-06-08 20:00:00', 815, 'Asparagus officinalis L. ', 'Спаржа лекарственная', 'Самарская  обл., Кинель-Черкасский р-н, памятник природы \"Сарбайская лесостепь\". Луг.', 7000, 'Кисленок А.П.', 'Плаксина Т.И.', NULL, 'Asparagus polyphyllus Steven ex Ledeb.', '2021-05-20 17:49:18', '2021-05-20 17:49:18', NULL, 0),
(471, 13, 3, 817, '{\"lat\": \"53.202891\", \"lng\": \"52.72515\"}', 0, NULL, '2016-05-12 20:00:00', 817, 'Astragalus macropus Bunge', 'Астрагал длинноножковый', 'Самарская  обл., Кинель-Черкасский р-н, памятник природы \"Урочище в верховьях реки Кувайки\". Разнотравно-ковыльная степь по склону реки Кувайки', 4000, 'Кисленок А.П.', 'Плаксина Т.И.', 5.00, 'Astragalus macropus Bunge', '2021-05-20 17:49:18', '2021-05-20 17:49:18', NULL, 0),
(472, 14, 3, 839, '{\"lat\": \"52.144566\", \"lng\": \"50.23968\"}', 0, NULL, '1997-05-31 20:00:00', 839, 'Lepidium coronopifolium Fisch. ex DC. ', 'Клоповник воронцелистный', 'Самарская обл.,  Пестравский р-н, Манурин Дол в 17 км к югу от с. Высокое. Общий сырт. Ковыльная степь.', 3000, 'Лазарева И.О., Пахомова И.П.', NULL, 3.00, 'Lepidium coronopifolium Fisch. ex Ledeb.', '2021-05-20 17:49:18', '2021-05-20 17:49:18', NULL, 0),
(473, 1, 3, 882, '{\"lat\": \"53.525790\", \"lng\": \"52.74516\"}', 0, NULL, '1989-07-13 20:00:00', 882, 'Epipactis helleborine (L.) Crantz', 'Дремлик широколистный', 'Куйбышевская обл., Похвистневский р-н, окр. с. Кротково. Лиственный лес на водоразделе, просека, квартал 106, 116.', 7000, 'Размыслова И.Ю., Андреева Н.В.', NULL, NULL, 'Epipactis helleborine (L.) Crantz', '2021-05-20 17:49:18', '2021-05-20 17:49:18', NULL, 0),
(474, 15, 3, 937, '{\"lat\": \"53.525790\", \"lng\": \"52.74516\"}', 0, NULL, '1989-07-13 20:00:00', 937, 'Rhaponticoides ruthenica (Lam.) M. V. Agab. et Greuter', 'Василёк русский', 'Куйбышевская обл., Похвистневский р-н, окр. с. Кротково. Лиственный лес на водоразделе, поляна.', 7000, 'Размыслова И.Ю., Андреева Н.В.', NULL, NULL, 'Centaurea ruthenica Lam.', '2021-05-20 17:49:18', '2021-05-20 17:49:18', NULL, 0),
(475, 1, 3, 955, '{\"lat\": \"51.471176\", \"lng\": \"50.455855\"}', 0, NULL, '1990-10-10 20:00:00', 955, 'Camphorosma monspeliaca L. ', 'Камфоросма монпельинская', 'Самарская и Оренбургская области на южной границе. Большечерниговский р-н Самарской обл. Общий Сырт. Урочище Грызлы. Ковыльная степь с участками чернопыльной ассоциации.', 2000, 'Андреева Н.В.', 'Размыслова И.Ю.', 3.00, 'Camphorosma monspeliaca L. ', '2021-05-20 17:49:19', '2021-05-20 17:49:19', NULL, 0),
(476, 15, 3, 983, '{\"lat\": \"53.562589\", \"lng\": \"51.421785\"}', 0, NULL, '1990-07-14 20:00:00', 983, 'Helichrysum arenarium (L.) Moench', 'Цмин песчаный', 'Куйбышевская обл., Исаклинский р-н, окр. с. Бол. Микушкино. Каменистая степь. У Ишуткинского моста.', 2250, 'Вигдергауз М.М., Демина О.Е.', NULL, 5.00, 'Helichrysum arenarium (L.) Moench', '2021-05-20 17:49:19', '2021-05-20 17:49:19', NULL, 0),
(477, 1, 3, 990, '{\"lat\": \"53.563641\", \"lng\": \"51.39814\"}', 0, NULL, '1990-07-15 20:00:00', 990, 'Plantago maxima Juss. ex Jacq.', 'Подорожник наибольший', 'Куйбышевская обл., Исаклинский р-н, окр. с. Бол. Микушкино. Лиственный лес на возвышенности, вдоль дорог.', 2500, 'Демина О.Е., Вигдергауз М.М.', NULL, 5.00, 'Plantago maxima Juss. ex Jacq. ', '2021-05-20 17:49:19', '2021-05-20 17:49:19', NULL, 0),
(478, 15, 3, 996, '{\"lat\": \"52.574911\", \"lng\": \"51.1468\"}', 0, NULL, '2011-06-25 20:00:00', 996, 'Rhaponticoides ruthenica (Lam.) M. V. Agab. et Greuter', 'Василёк русский', 'Самарская обл., Кинельский р-н, Красносамарское лесничество, Баринова поляна, кв. 117. Каменистая степь.', 300, 'Горина М.В., Пушкина С.А.', 'Горина М.В., Пушкина С.А.', NULL, 'Centaurea ruthenica Lam.', '2021-05-20 17:49:19', '2021-05-20 17:49:19', NULL, 0),
(479, 1, 3, 1015, '{\"lat\": \"52.59920\", \"lng\": \"51.31660\"}', 0, NULL, '2011-06-23 20:00:00', 1015, 'Melica altissima L.', 'Перловник высокий', 'Самарская обл., Кинельский р-н, Красносамарское лесничество, кв. 93. Опушка дубравы.', 1000, 'Горина М.В., Пушкина С.А.', 'Горина М.В., Пушкина С.А.', NULL, 'Melica altissima L.', '2021-05-20 17:49:19', '2021-05-20 17:49:19', NULL, 0),
(480, 1, 3, 1090, '{\"lat\": \"53.191094\", \"lng\": \"50.71376\"}', 0, NULL, '2000-09-09 20:00:00', 1090, 'Bupleurum falcatum L.', 'Володушка серповидная', 'Самарская обл., Волжский р-н, окр. с. Гаврилова поляна. Берег оз. Иордана.', 3600, 'Гущина Ю.А., Шаронова И.В.', 'Плаксина Т.И.', 3.00, 'Bupleurum falcatum L.', '2021-05-20 17:49:19', '2021-05-20 17:49:19', NULL, 0),
(481, 1, 3, 1093, '{\"lat\": \"53.192874\", \"lng\": \"51.513103\"}', 0, NULL, '2011-06-29 20:00:00', 1093, 'Palimbia turgaica Lipsky', 'Палимбия тургайская', 'Самарская обл., Кинель-Черкасский р-н, 1,5 км на северо-запад от с. Новые Ключи. Степь.', 1000, 'Михина Е.А., Серебряков И.С.', 'Корчикова Т.А.', 3.00, 'Palimbia turgaica Lipsky ex Woronow', '2021-05-20 17:49:19', '2021-05-20 17:49:19', NULL, 0),
(482, 1, 3, 1096, '{\"lat\": \"53.8761\", \"lng\": \"48.21255\"}', 0, NULL, '2013-05-11 20:00:00', 1096, 'Pulsatilla pratensis (L.) Miller', 'Прострел луговой', 'Самарская обл., Сызранский  р-н, Засызранская слобода. Дубрава с песчаными полянами. Под пологом отцветающая популяция P. pratensis.', 4000, 'Плаксина Т.И.', NULL, 2.00, 'Pulsatilla pratensis (L.) Mill.', '2021-05-20 17:49:19', '2021-05-20 17:49:19', NULL, 0);
INSERT INTO `museum_posts` (`id`, `category_id`, `user_id`, `inventory_number`, `coordinates`, `is_published`, `published_at`, `collection_date`, `barcode`, `adopted_name`, `russian_name`, `label_text`, `accuracy`, `collectors`, `determination`, `environmental_status`, `label_name`, `created_at`, `updated_at`, `deleted_at`, `count_views`) VALUES
(483, 1, 3, 1109, '{\"lat\": \"53.204063\", \"lng\": \"48.271879\"}', 0, NULL, '1986-06-27 20:00:00', 1109, 'Polemonium caeruleum subsp. himalayanum (Baker) H. Hara', 'Синюха голубая', 'Самарская обл., Сызранский р-н, 4-5 км к ю.-в. от с. Троицкого, Бутырский овраг.', 2000, 'Максимова В.И., Ларионова А.В., Забалканская Е.А.', NULL, 3.00, 'Polemonium caeruleum L.', '2021-05-20 17:49:19', '2021-05-20 17:49:19', NULL, 0),
(484, 1, 3, 1120, '{\"lat\": \"53.182158\", \"lng\": \"53.182158\"}', 0, NULL, '2000-10-04 20:00:00', 1120, 'Thymus guberlinensis Iljin', 'Тимьян губерлинский', 'Самарская обл., Волжский р-н, окр. г. Самары, Студеный овраг, г. Лысая. Обнажения известняка.', 600, 'Гущина Ю.А., Шаронова И.В.', 'Плаксина Т.И.', 3.00, 'Thymus zheguliensis Klok. et Shost.', '2021-05-20 17:49:19', '2021-05-20 17:49:19', NULL, 0),
(485, 1, 3, 1121, '{\"lat\": \"53.415285\", \"lng\": \"48.504354\"}', 0, NULL, '2000-09-06 20:00:00', 1121, 'Thymus dubjanskyi Klokov et Des.-Shost.', 'Тимьян Дубянского', 'Самарская обл., Шигонский р-н, с. Подвалье. Юг Сенгилеевской возвышенности. На мелах.', 1500, 'Гущина Ю.А., Шаронова И.В.', 'Плаксина Т.И.', 3.00, 'Thymus dubjanskii Klok. et Shost.', '2021-05-20 17:49:19', '2021-05-20 17:49:19', NULL, 0),
(486, 1, 3, 1126, '{\"lat\": \"53.2844\", \"lng\": \"52.63898\"}', 0, NULL, '2013-05-27 20:00:00', 1126, 'Pulsatilla patens (L.) Mill.', 'Прострел раскрытый', 'Оренбургская обл., Бузулукский бор, Боровое-Опытное лесничество, кв. 197. В сосновом лесу.', 1000, 'Плаксина Т.И.', NULL, 5.00, 'Pulsatilla patens (L.) Mill. ', '2021-05-20 17:49:19', '2021-05-20 17:49:19', NULL, 0),
(487, 1, 3, 1140, '{\"lat\": \"53.13874\", \"lng\": \"52.63728\"}', 0, NULL, '2013-05-06 20:00:00', 1140, 'Chimaphila umbellata (L.) W. Barton', 'Зимолюбка зонтичная', 'Оренбургская обл., Бузулукский бор, Боровое-Опытное лесничество, кв. 215. В сосновом лесу.', 1000, 'Калашникова О.В., Плаксина Т.И.', NULL, 3.00, 'Chimaphila umbellata (L.) W.P.C. Barton', '2021-05-20 17:49:19', '2021-05-20 17:49:19', NULL, 0),
(488, 1, 3, 1158, '{\"lat\": \"53.2844\", \"lng\": \"52.63898\"}', 0, NULL, '2013-05-27 20:00:00', 1158, 'Orthilia secunda (L.) House', 'Ортилия однобокая', 'Оренбургская обл., Бузулукский бор, Боровое-Опытное лесничество, кв. 197. В сосновом лесу, с участием березы.', 1000, 'Калашникова О.В., Плаксина Т.И.', 'Плаксина Т.И.', NULL, 'Orthilia secunda (L.) House', '2021-05-20 17:49:19', '2021-05-20 17:49:19', NULL, 0),
(489, 1, 3, 1166, '{\"lat\": \"52.565950\", \"lng\": \"52.11342\"}', 0, NULL, '2013-06-21 20:00:00', 1166, 'Pyrola rotundifolia L.', 'Грушанка круглолистная', 'Оренбургская обл., Бузулукский бор, Колтубанское лесничество, кв. 15, выдел 22. В смешанном лесу.', 1000, 'Калашникова О.В., Плаксина Т.И.', 'Плаксина Т.И.', 3.00, 'Pyrola rotundifolia L.', '2021-05-20 17:49:19', '2021-05-20 17:49:19', NULL, 0),
(490, 1, 3, 1176, '{\"lat\": \"53.03523\", \"lng\": \"52.64320\"}', 0, NULL, '2013-05-06 20:00:00', 1176, 'Tulipa sylvestris subsp. australis (Link) Pamp. ', 'Тюльпан южный', 'Оренбургская обл., Бузулукский бор, Боровое-Опытное лесничество, кв. 31. Около дороги.', 1000, 'Калашникова О.В., Плаксина Т.И.', 'Плаксина Т.И.', NULL, 'Tulipa quercetorum Klokov et Zoz', '2021-05-20 17:49:19', '2021-05-20 17:49:19', NULL, 0),
(491, 1, 3, 1182, '{\"lat\": \"53.01425\", \"lng\": \"52.4772\"}', 0, NULL, '2013-05-06 20:00:00', 1182, 'Adonis vernalis L.', 'Адонис весенний', 'Оренбургская обл., Бузулукский бор, Боровое-Опытное лесничество, кв. 35. В сосновом лесу.', 1000, 'Калашникова О.В., Плаксина Т.И.', 'Плаксина Т.И.', 5.00, 'Adonis vernalis L.', '2021-05-20 17:49:19', '2021-05-20 17:49:19', NULL, 0),
(492, 1, 3, 1289, '{\"lat\": \"53.8761\", \"lng\": \"48.21255\"}', 0, NULL, '2013-05-11 20:00:00', 1289, 'Pulsatilla patens (L.) Mill.', 'Прострел раскрытый', 'Самарская обл., Сызранский р-н, Засызранская слобода. Дубрава с песчаными полянами. Под пологом отцветающая популяция P. pratensis, рядом растут популяции P. patens.', 4000, 'Плаксина Т.И.', NULL, 5.00, 'Pulsatilla patens (L.) Mill.', '2021-05-20 17:49:19', '2021-05-20 17:49:19', NULL, 0),
(493, 1, 3, 1291, '{\"lat\": \"53.8761\", \"lng\": \"48.21255\"}', 0, NULL, '2013-05-11 20:00:00', 1291, 'Pulsatilla patens (L.) Mill.', 'Прострел раскрытый', 'Самарская обл., Сызранский р-н, Засызранская слобода. Дубрава с песчаными полянами. Под пологом отцветающая популяция P. pratensis, рядом растут популяции P. patens.', 4000, 'Плаксина Т.И.', NULL, 5.00, 'Pulsatilla patens (L.) Mill.', '2021-05-20 17:49:19', '2021-05-20 17:49:19', NULL, 0),
(494, 1, 3, 1296, '{\"lat\": \"53.232022\", \"lng\": \"48.164744\"}', 0, NULL, '1986-06-19 20:00:00', 1296, 'Gymnocarpium robertianum (Hoffm.) Newman', 'Голокучник Роберта', 'Самарская обл., Сызранский р-н, 2 км от поселка Передовой, 7 км к западу от с. Троицкого, 37 кв. Овражное понижение, на земляных валунах, в основании днища оврага, северо-северозападная экспозиция.', 600, 'Боголепова Н.В., Вартанянц В.В.', NULL, 3.00, 'Gymnocarpium robertianum (Hoffm.) Newm.', '2021-05-20 17:49:19', '2021-05-20 17:49:19', NULL, 0),
(495, 1, 3, 1300, '{\"lat\": \"52.234550\", \"lng\": \"49.483381\"}', 0, NULL, '1997-05-27 20:00:00', 1300, 'Ornithogalum fischerianum Krasch. ', 'Птицемлечник Фишера', 'Самарская обл., Общий Сырт. Пестравский р-н, 10 км к западу от Пестравки, урочище Любимое. Степные холмы Сырта, по дороге выпаса скота.', 3000, 'Лазарева И.О., Пахомова И.П.', 'Кузовенко О.А.', 3.00, 'Ornithogalum fischeranum Krasch. ', '2021-05-20 17:49:19', '2021-05-20 17:49:19', NULL, 0),
(496, 1, 3, 1310, '{\"lat\": \"52.234550\", \"lng\": \"49.483381\"}', 0, NULL, '1997-05-27 20:00:00', 1310, 'Tulipa sylvestris subsp. australis (Link) Pamp.', 'Тюльпан южный', 'Самарская обл.. Общий Сырт. Пестравский р-н, 10 км к западу от Пестравки, урочище Любимое. Степные холмы Сырта, по дороге выпаса скота.', 3000, 'Лазарева И.О., Пахомова И.П.', 'Кузовенко О.А.', NULL, 'Tulipa scythica Klokov et Zoz', '2021-05-20 17:49:19', '2021-05-20 17:49:19', NULL, 0),
(498, 1, 3, 1365, '{\"lat\": \"53.245903\", \"lng\": \"50.02150\"}', 0, NULL, '1986-06-12 20:00:00', 1365, 'Gymnocarpium robertianum (Hoffm.) Newman', 'Голокучник Роберта', 'Самарская обл., с. Ширяево. Каменные осыпи.', 2000, 'Головин В.И.', 'Головин В.И.', 3.00, 'Gymnocarpium robertianum (Hoffm.) Newm.', '2021-05-20 17:49:19', '2021-05-20 17:49:19', NULL, 0),
(499, 1, 3, 1366, '{\"lat\": \"53.245903\", \"lng\": \"50.02150\"}', 0, NULL, '1986-06-12 20:00:00', 1366, 'Gymnocarpium robertianum (Hoffm.) Newman', 'Голокучник Роберта', 'Самарская обл., с. Ширяево. Каменные осыпи, северная экспозиция.', 2000, 'Головин В.И.', 'Головин В.И.', 3.00, 'Gymnocarpium robertianum (Hoffm.) Newm.', '2021-05-20 17:49:19', '2021-05-20 17:49:19', NULL, 0),
(500, 1, 3, 1386, '{\"lat\": \"52.52330\", \"lng\": \"52.401939\"}', 0, NULL, '2003-06-26 20:00:00', 1386, 'Triglochin palustris L.', 'Триостренник болотный', 'Оренбургская обл., Грачевский р-н, в 3-4 км на юг от с. Ероховка. Сухореченские обрывы. По берегу р. Сухой Дол.', 1000, 'Шаронова И.В., Плаксина Т.И.', NULL, NULL, 'Triglochin palustre L.', '2021-05-20 17:49:19', '2021-05-20 17:49:19', NULL, 0),
(501, 1, 3, 1389, '{\"lat\": \"52.534816\", \"lng\": \"52.33211\"}', 0, NULL, '2011-07-03 20:00:00', 1389, 'Alisma bjoerkqvistii Tzvelev', 'Частуха Бъёркквиста', 'Оренбургская обл., Бузулукский р-н, Национальный парк \"Бузулукский бор\", 86 кв. Колтубанского лесничества. Заболоченный луг в долине реки Самары.', 500, 'Калашникова О.В., Плаксина Т.И., Лохманова Ю.О.', NULL, NULL, 'Alisma bjoerkqvistii Tzvel', '2021-05-20 17:49:19', '2021-05-20 17:49:19', NULL, 0),
(502, 1, 3, 1396, '{\"lat\": \"53.175236\", \"lng\": \"51.593973\"}', 0, NULL, '2014-06-09 20:00:00', 1396, 'Stipa pennata L.', 'Ковыль перистый', 'Самарская обл., Борский р-н, лес около с. Петровки. На открытых местах, с северной стороны леса, где растет Spiraea litv.', 13000, 'Плаксина Т.И., Шаланов И.В.', NULL, 5.00, 'Stipa pennata L.', '2021-05-20 17:49:19', '2021-05-20 17:49:19', NULL, 0),
(503, 1, 3, 1450, '{\"lat\": \"52.272687\", \"lng\": \"53.95068\"}', 0, NULL, '2004-09-14 20:00:00', 1450, 'Lomelosia isetensis (L.) J. Sojak', 'Скабиоза исетская', 'Оренбургская обл., Тоцкий р-н, окр. г. Сорочинска. Разнотравно-ковыльная степь, холмы Сырта.', 2000, 'Филатова Ю.А.', 'Филатова Ю.А.', NULL, 'Scabiosa isetensis L.', '2021-05-20 17:49:19', '2021-05-20 17:49:19', NULL, 0),
(504, 1, 3, 1584, '{\"lat\": \"53.01697\", \"lng\": \"52.34302\"}', 0, NULL, '2013-05-27 20:00:00', 1584, 'Pulsatilla patens (L.) Mill.', 'Прострел раскрытый', 'Оренбургская обл., Бузулукский бор. Боровое-опытное лесничество, кв. 34, выдел 4. Сосняк.', 1000, 'Плаксина Т.И.', NULL, 5.00, 'Pulsatilla patens (L.) Mill.', '2021-05-20 17:49:19', '2021-05-20 17:49:19', NULL, 0),
(505, 1, 3, 1591, '{\"lat\": \"53.01697\", \"lng\": \"52.34302\"}', 0, NULL, '2013-05-27 20:00:00', 1591, 'Pulsatilla patens (L.) Mill.', 'Прострел раскрытый', 'Оренбургская обл., Бузулукский бор. Боровое-опытное лесничество, кв. 34, выдел 4. Сосняк.', 1000, 'Плаксина Т.И.', NULL, 5.00, 'Pulsatilla patens (L.) Mill.', '2021-05-20 17:49:19', '2021-05-20 17:49:19', NULL, 0),
(506, 1, 3, 1605, '{\"lat\": \"53.131732\", \"lng\": \"50.23775\"}', 0, NULL, '2000-09-19 20:00:00', 1605, 'Salvinia natans (L.) All.', 'Сальвиния плавающая', 'Самарская обл., Волжский р-н, окр. с. Рождествено. В озере, на поверхности воды.', 2000, 'Малышева В.Ф.,Малышева Е.Ф.', 'Плаксина Т.И.', NULL, 'Salvinia natans (L.) All.', '2021-05-20 17:49:19', '2021-05-20 17:49:19', NULL, 0),
(507, 13, 3, 1621, '{\"lat\": \"53.283940\", \"lng\": \"53.15965\"}', 0, NULL, '2005-06-27 20:00:00', 1621, 'Astragalus helmii Fisch. ex DC.', 'Астрагал Гельма', 'Оренбургская обл., Алексеевский р-н, окр. с. Старокульшарипово. Степные холмы.', 2000, 'Плаксина Т.И., Рыжкова О.В.', 'Сытин А.К.', 3.00, 'Astragalus helmii Fisch.', '2021-05-20 17:49:19', '2021-05-20 17:49:19', NULL, 0),
(508, 13, 3, 1623, '{\"lat\": \"53.222757\", \"lng\": \"49.203051\"}', 0, NULL, '1986-07-20 20:00:00', 1623, 'Astragalus zingeri Korzchinsky', 'Астрагал Цингера', 'Самарская обл., Ставропольский р-н, Молодецкий курган. Южный склон, известняк.', 1500, 'Головин В.И.', NULL, 3.00, 'Astragalus zingeri Korsh.', '2021-05-20 17:49:19', '2021-05-20 17:49:19', NULL, 0),
(509, 1, 3, 1667, '{\"lat\": \"53.261168\", \"lng\": \"48.81707\"}', 0, NULL, '2006-07-22 20:00:00', 1667, 'Polypodium vulgare L.', 'Многоножка обыкновенная', 'Самарская обл., Сызранский р-н, Рачейские скалы. На склонах в сосновом лесу.', 500, 'Надина Т.С., Попова Д.С., Котенков Е.В.', NULL, 1.00, 'Polypodium vulgare L.', '2021-05-20 17:49:19', '2021-05-20 17:49:19', NULL, 0),
(510, 1, 3, 1823, '{\"lat\": \"53.124429\", \"lng\": \"50.4075\"}', 0, NULL, '1993-09-12 20:00:00', 1823, 'Salvinia natans (L.) All.', 'Сальвиния плавающая', 'Самарская обл., Волжский р-н, окр. с. Рождествено, в 1,5 км к югу от пристани. Пойма р. Волги. Проток Волги. Обычно.', 500, 'Ёлкина Е.М., Чеснокова О.Е.', NULL, NULL, 'Salvinia natans (L.) All.', '2021-05-20 17:49:19', '2021-05-20 17:49:19', NULL, 0),
(511, 13, 3, 1827, '{\"lat\": \"52.45764\", \"lng\": \"53.191089\"}', 0, NULL, '2004-06-05 20:00:00', 1827, 'Oxytropis floribunda (Pall.) DC.', 'Остролодочник яркоцветный', 'Оренбургская обл., Красногвардейский р-н, в 3 км к ю.-з. от п. Степного, п./п. Ванякина шишка. Степные склоны. Разнотравно-типчаково-полынная асс.', 500, 'Плаксина Т.И., Шаронова И.В., Авдеева Н.В.', NULL, 3.00, 'Oxytropis floribunda (Pall.) DC.', '2021-05-20 17:49:19', '2021-05-20 17:49:19', NULL, 0),
(512, 13, 3, 1828, '{\"lat\": \"52.45764\", \"lng\": \"53.191089\"}', 0, NULL, '2004-06-05 20:00:00', 1828, 'Astragalus scopaeformis Ledeb.', 'Астрагал вениковидный', 'Оренбургская обл., Красногвардейский р-н, в 3 км к ю.-з. от п. Степного, п./п. Ванякина шишка. Степные склоны. Разнотравно-типчаково-полынная асс.', 500, 'Плаксина Т.И., Шаронова И.В., Авдеева Н.В.', NULL, 3.00, 'Astragalus tenuifolius L.', '2021-05-20 17:49:19', '2021-05-20 17:49:19', NULL, 0),
(513, 15, 3, 1829, '{\"lat\": \"52.45764\", \"lng\": \"53.191089\"}', 0, NULL, '2004-06-05 20:00:00', 1829, 'Artemisia salsoloides Willd.', 'Полынь солянковидная', 'Оренбургская обл., Красногвардейский р-н, в 3 км к ю.-з. от п. Степного, п./п. Ванякина шишка. Степные склоны. Разнотравно-типчаково-полынная асс.', 500, 'Плаксина Т.И., Шаронова И.В., Авдеева Н.В.', NULL, 3.00, 'Artemisia salsoloides Willd.', '2021-05-20 17:49:19', '2021-05-20 17:49:19', NULL, 0),
(514, 1, 3, 1831, '{\"lat\": \"52.45764\", \"lng\": \"53.191089\"}', 0, NULL, '2004-06-05 20:00:00', 1831, 'Atraphaxis frutescens (L.) Ewersm. ', 'Курчавка кустарниковая', 'Оренбургская обл., Красногвардейский р-н, в 3 км к ю.-з. от п. Степного, п./п. Ванякина шишка. Степные склоны. Разнотравно-типчаково-полынная асс.', 500, 'Плаксина Т.И., Шаронова И.В., Авдеева Н.В.', NULL, 3.00, 'Atraphaxis frutescens (L.) C. Koch', '2021-05-20 17:49:19', '2021-05-20 17:49:19', NULL, 0),
(515, 13, 3, 1832, '{\"lat\": \"52.45764\", \"lng\": \"53.191089\"}', 0, NULL, '2004-06-05 20:00:00', 1832, 'Medicago cancellata M.Bieb. ', 'Люцерна решётчатая', 'Оренбургская обл., Красногвардейский р-н, в 3 км к ю.-з. от п. Степного, п./п. Ванякина шишка. Степные склоны. Разнотравно-типчаково-полынная асс.', 500, 'Плаксина Т.И., Шаронова И.В., Авдеева Н.В.', NULL, 3.00, 'Medicago cancellata Bieb.', '2021-05-20 17:49:19', '2021-05-20 17:49:19', NULL, 0),
(516, 13, 3, 1833, '{\"lat\": \"52.314508\", \"lng\": \"54.81148\"}', 0, NULL, '2005-06-09 20:00:00', 1833, 'Astragalus scopaeformis Ledeb.', 'Астрагал вениковидный', 'Оренбургская обл., Александровский р-н, водораздел Б. и М. Уранов, между с. Озерка и с. Украинка. Склоны южной экспозиции. В составе каменистой степи.', 2000, 'Шаронова И.В., Ильина В.Н.', NULL, 3.00, 'Astragalus tenuifolius L.', '2021-05-20 17:49:19', '2021-05-20 17:49:19', NULL, 0),
(517, 1, 3, 1835, '{\"lat\": \"52.21144\", \"lng\": \"54.232579\"}', 0, NULL, '2005-06-09 20:00:00', 1835, 'Convolvulus lineatus L.', 'Вьюнок узколистный', 'Оренбургская обл., Александровский р-н, выходы пород верхнепермской системы по дороге от с. Габдрафиково до с. Ждановка. В составе каменистой степи.', 3500, 'Шаронова И.В., Ильина В.Н.', NULL, 3.00, 'Convolvulus lineatus L.', '2021-05-20 17:49:19', '2021-05-20 17:49:19', NULL, 0),
(518, 1, 3, 1836, '{\"lat\": \"52.314508\", \"lng\": \"54.81148\"}', 0, NULL, '2005-06-09 20:00:00', 1836, 'Plantago maritima L.', 'Подорожник морской', 'Оренбургская обл., Александровский р-н, водораздел Б. и М. Уранов, между с. Озерка и с. Украинка. Склоны южной экспозиции. В составе каменистой степи.', 2000, 'Шаронова И.В., Ильина В.Н.', NULL, NULL, 'Plantago maritima L. s. l. (P. salsa Pallas)', '2021-05-20 17:49:19', '2021-05-20 17:49:19', NULL, 0),
(519, 13, 3, 1837, '{\"lat\": \"52.21144\", \"lng\": \"54.232579\"}', 0, NULL, '2005-06-09 20:00:00', 1837, 'Hedysarum razoumovianum DC. ', 'Копеечник Разумовского', 'Оренбургская обл., Александровский р-н, выходы пород верхнепермской системы по дороге от с. Габдрафиково до с. Ждановка. В составе каменистой степи.', 3500, 'Шаронова И.В., Ильина В.Н.', NULL, 3.00, 'Hedysarum razoumovianum Fisch. et Helm', '2021-05-20 17:49:19', '2021-05-20 17:49:19', NULL, 0),
(520, 13, 3, 1838, '{\"lat\": \"52.33369\", \"lng\": \"53.465503\"}', 0, NULL, '2005-06-30 20:00:00', 1838, 'Astragalus macropus Bunge', 'Астрагал длинноножковый', 'Оренбургская обл., Новосергиевский р-н, г. Черная (Чернышева) (319 м) в 4 км на с.-в. от с. Землянка. Степные склоны. Разнотравно-ковыльно-типчаковая асс.', 350, 'Шаронова И.В., Ильина В.Н., Плаксина Т.И., Рыжкова О.В., Кудашкина Т.И.', NULL, 5.00, 'Astragalus macropus Bunge', '2021-05-20 17:49:19', '2021-05-20 17:49:19', NULL, 0),
(521, 15, 3, 1844, '{\"lat\": \"52.44058\", \"lng\": \"52.584178\"}', 0, NULL, '2014-06-04 20:00:00', 1844, 'Jurinea ledebourii Bunge', 'Наголоватка Ледебура', 'Оренбургская обл., Сорочинский р-н, в 2 км к с.-з. от с. Сарабкино. Степные склоны. Разнотравно-типчаково-ковыльная асс.', 1000, 'Шаронова И.В., Плаксина Т.И., Авдеева И.В.', NULL, 3.00, 'Jurinea ledebourii Bunge', '2021-05-20 17:49:19', '2021-05-20 17:49:19', NULL, 0),
(522, 13, 3, 1846, '{\"lat\": \"52.372016\", \"lng\": \"54.173888\"}', 0, NULL, '2005-06-09 20:00:00', 1846, 'Hedysarum razoumovianum DC. ', 'Копеечник Разумовского', 'Оренбургская обл., Александровский р-н, водораздел М. Кинеля и Тока, по дороге в с. Александровка, в 1,5 км на с.-в. от с. Канчерово и в 2,19 км на с.-з. от с. Зелёная Роща. Выходы пород верхней перми. В составе каменистой степи.', 1000, 'Шаронова И.В., Ильина В.Н.', NULL, 3.00, 'Hedysarum razoumovianum Fisch. et Helm', '2021-05-20 17:49:19', '2021-05-20 17:49:19', NULL, 0),
(523, 13, 3, 1848, '{\"lat\": \"52.372016\", \"lng\": \"54.173888\"}', 0, NULL, '2005-06-09 20:00:00', 1848, 'Astragalus scopaeformis Ledeb.', 'Астрагал вениковидный', 'Оренбургская обл., Александровский р-н, водораздел М. Кинеля и Тока, по дороге в с. Александровка, в 1,5 км на с.-в. от с. Канчерово и в 2,19 км на с.-з. от с. Зелёная Роща. Выходы пород верхней перми. В составе каменистой степи.', 1000, 'Шаронова И.В., Ильина В.Н.', NULL, 3.00, 'Astragalus tenuifolius L.', '2021-05-20 17:49:19', '2021-05-20 17:49:19', NULL, 0),
(524, 1, 3, 1850, '{\"lat\": \"52.52330\", \"lng\": \"52.401939\"}', 0, NULL, '2003-06-26 20:00:00', 1850, 'Ferula tatarica Fischer ex Sprengel', 'Ферула татарская', 'Оренбургская обл., Грачевский р-н, в 3-4 км на юг от с. Ероховка. Степные склоны. Ковыльно-разнотравно-типчаковая асс.', 1000, 'Шаронова И.В., Плаксина Т.И.  ', NULL, 3.00, 'Ferula tatarica Fisch. ex Spreng.', '2021-05-20 17:49:19', '2021-05-20 17:49:19', NULL, 0),
(525, 1, 3, 1851, '{\"lat\": \"52.33369\", \"lng\": \"53.465503\"}', 0, NULL, '2005-06-30 20:00:00', 1851, 'Dianthus leptopetalus Willd. ', 'Гвоздика узколепестная', 'Оренбургская обл., Новосергиевский р-н, г. Черная (Чернышева) (319 м) в 4 км на с.-в. от с. Землянка. Степные склоны. Разнотравно-ковыльно-типчаковая асс.', 350, 'Шаронова И.В., Ильина В.Н., Плаксина Т.И., Рыжкова О.В., Кудашкина Т.И.', NULL, 3.00, 'Dianthus leptopetalus Willd. ', '2021-05-20 17:49:19', '2021-05-20 17:49:19', NULL, 0),
(526, 1, 3, 1852, '{\"lat\": \"52.33369\", \"lng\": \"53.465503\"}', 0, NULL, '2005-06-30 20:00:00', 1852, 'Centaurium pulchellum (Sw.) Druce', 'Золототысячник красивый', 'Оренбургская обл., Новосергиевский р-н, г. Черная (Чернышева) (319 м) в 4 км на с.-в. от с. Землянка. Степные склоны. Луговина около родника.', 350, 'Шаронова И.В., Ильина В.Н., Плаксина Т.И., Рыжкова О.В., Кудашкина Т.И.', NULL, NULL, 'Centaurium pulchellum (Swartz) Druce', '2021-05-20 17:49:19', '2021-05-20 17:49:19', NULL, 0),
(527, 1, 3, 1853, '{\"lat\": \"52.33369\", \"lng\": \"53.465503\"}', 0, NULL, '2005-06-30 20:00:00', 1853, 'Fritillaria ruthenica Wikstr.', 'Золототысячник красивый', 'Оренбургская обл., Новосергиевский р-н, г. Черная (Чернышева) (319 м) в 4 км на с.-в. от с. Землянка. Степные склоны. Разнотравно-ковыльно-типчаковая асс.', 350, 'Шаронова И.В., Ильина В.Н., Плаксина Т.И., Рыжкова О.В., Кудашкина Т.И.', NULL, 5.00, 'Centaurium pulchellum (Swartz) Druce', '2021-05-20 17:49:19', '2021-05-20 17:49:19', NULL, 0),
(528, 1, 3, 1855, '{\"lat\": \"53.261168\", \"lng\": \"48.81707\"}', 0, NULL, '2006-07-22 20:00:00', 1855, 'Polypodium vulgare L.', 'Многоножка обыкновенная', 'Самарская обл., Сызранский р-н, 54 квартал, памятник природы \"Рачейские скалы\", в 15 км от с. Старая Рачейка. На валунах.', 500, 'Учаева В.С., Мироненко С.А.', NULL, 1.00, 'Polypodium vulgare L.', '2021-05-20 17:49:19', '2021-05-20 17:49:19', NULL, 0),
(529, 1, 3, 1856, '{\"lat\": \"53.251716\", \"lng\": \"48.2547\"}', 0, NULL, '2006-07-18 20:00:00', 1856, 'Drosera rotundifolia L.', 'Росянка круглолистная', 'Самарская обл., Сызранский р-н, памятник природы \"Моховое болото\", в 5 км (на север) от с. Старая Рачейка. На болоте.', 600, 'Учаева В.С., Мироненко С.А.', NULL, 1.00, 'Drosera rotundifolia L.', '2021-05-20 17:49:19', '2021-05-20 17:49:19', NULL, 0),
(530, 1, 3, 1857, '{\"lat\": \"53.23793\", \"lng\": \"47.584583\"}', 0, NULL, '2006-07-17 20:00:00', 1857, 'Chimaphila umbellata (L.) W. Barton', 'Зимолюбка зонтичная', 'Самарская обл., Сызранский р-н,  памятник природы \"Узилово болото\", в 3 км от с. Старая Рачейка. В сосновом лесу, окрестности болота.', 200, 'Учаева В.С., Мироненко С.А.', NULL, 3.00, 'Chimaphila umbellata (L.) W.P.C. Barton', '2021-05-20 17:49:19', '2021-05-20 17:49:19', NULL, 0),
(531, 1, 3, 1858, '{\"lat\": \"53.261168\", \"lng\": \"48.81707\"}', 0, NULL, '2006-07-22 20:00:00', 1858, 'Bupleurum falcatum L.', 'Володушка серповидная', 'Самарская обл., Сызранский р-н, 54 квартал,  в 15 км от с. Старая Рачейка. Край  леса.', 500, 'Учаева В.С., Мироненко С.А.', NULL, 3.00, 'Bupleurum falcatum L. ', '2021-05-20 17:49:19', '2021-05-20 17:49:19', NULL, 0),
(532, 1, 3, 1859, '{\"lat\": \"53.23793\", \"lng\": \"47.584583\"}', 0, NULL, '2006-07-17 20:00:00', 1859, 'Vaccinium vitis-idaea L.', 'Брусника обыкновенная', 'Самарская обл., Сызранский р-н,  памятник природы \"Узилово болото\", в 3 км от с. Старая Рачейка. На болоте.', 200, 'Учаева В.С., Мироненко С.А.', NULL, 2.00, 'Vaccinium vitis-idae L.', '2021-05-20 17:49:19', '2021-05-20 17:49:19', NULL, 0),
(533, 15, 3, 1860, '{\"lat\": \"53.242082\", \"lng\": \"48.11972\"}', 0, NULL, '2006-07-16 20:00:00', 1860, 'Helichrysum arenarium (L.) Moench ', 'Цмин песчаный', 'Самарская обл., Сызранский р-н, в 1,5 км на север от с. Старая Рачейка. На берегу озера.', 1000, 'Учаева В.С., Мироненко С.А.', NULL, 5.00, 'Helichrysum arenarium (L.) Moench', '2021-05-20 17:49:19', '2021-05-20 17:49:19', NULL, 0),
(534, 1, 3, 1862, '{\"lat\": \"53.242082\", \"lng\": \"48.11972\"}', 0, NULL, '2006-07-16 20:00:00', 1862, 'Dianthus volgicus Juzepczuk', 'Гвоздика волжская', 'Самарская обл., Сызранский р-н, в 1,5 км на север от с. Старая Рачейка. На берегу озера.', 1000, 'Учаева В.С., Мироненко С.А.', NULL, 3.00, 'Dianthus volgicus Juz.', '2021-05-20 17:49:19', '2021-05-20 17:49:19', NULL, 0),
(535, 1, 3, 1865, '{\"lat\": \"51.475461\", \"lng\": \"51.31488\"}', 0, NULL, '2010-05-22 20:00:00', 1865, 'Onosma tinctorium M. Bieb.', 'Оносма многоцветная', 'Оренбургская обл., Первомайский р-н, 5 км на восток от с. Курлин. Разнотравно-ковыльная степь.', 1000, 'Плаксина Т.И., Корчикова Т.А.', 'Корчикова Т.А.', 3.00, 'Onosma polychroma Klok. ex M. Pop.', '2021-05-20 17:49:19', '2021-05-20 17:49:19', NULL, 0),
(536, 1, 3, 1868, '{\"lat\": \"51.475461\", \"lng\": \"51.31488\"}', 0, NULL, '2010-05-24 20:00:00', 1868, 'Trinia hispida Hoffm.', 'Триния жёстковолосая', 'Оренбургская обл., Первомайский р-н, 5 км на восток от с. Курлин. Разнотравно-ковыльная степь.', 1000, 'Плаксина Т.И., Корчикова Т.А.', 'Корчикова Т.А.', 3.00, 'Trinia hispida Hoffm.', '2021-05-20 17:49:19', '2021-05-20 17:49:19', NULL, 0),
(537, 1, 3, 1870, '{\"lat\": \"51.475461\", \"lng\": \"51.31488\"}', 0, NULL, '2010-05-24 20:00:00', 1870, 'Pastinaca clausii (Ledeb.) Calest. ', 'Пастернак Клауса', 'Оренбургская обл., Первомайский р-н, 5 км на восток от с. Курлин. Разнотравно-ковыльная степь.', 1000, 'Плаксина Т.И., Корчикова Т.А.', 'Плаксина Т.И.', 3.00, 'Pastinaca clausii (Ledeb.) M. Pimen. ', '2021-05-20 17:49:19', '2021-05-20 17:49:19', NULL, 0),
(538, 1, 3, 1871, '{\"lat\": \"51.475461\", \"lng\": \"51.31488\"}', 0, NULL, '2010-05-24 20:00:00', 1871, 'Ornithogalum fischerianum Krasch. ', 'Птицемлечник Фишера', 'Оренбургская обл., Первомайский р-н, 5 км на восток от с. Курлин. Разнотравно-ковыльная степь.', 1000, 'Плаксина Т.И., Корчикова Т.А.', 'Плаксина Т.И.', 3.00, 'Ornithogalum fischerianum Krasch.', '2021-05-20 17:49:19', '2021-05-20 17:49:19', NULL, 0),
(539, 13, 3, 1872, '{\"lat\": \"52.44058\", \"lng\": \"52.584178\"}', 0, NULL, '2004-06-04 20:00:00', 1872, 'Hedysarum grandiflorum Pall.', 'Копеечник крупноцветковый', 'Оренбургская  обл., Сорочинский р-он, в 2 км к с-з от с. Сарабкино. Степные склоны. Разнотравно-типачково-ковыльная асс.', 1000, 'Шаронова И.В., Плаксина Т.И., Авдеева И.В.', NULL, 5.00, 'Hedysarum grandiflorum Pall.', '2021-05-20 17:49:19', '2021-05-20 17:49:19', NULL, 0),
(540, 1, 3, 1874, '{\"lat\": \"52.44058\", \"lng\": \"52.584178\"}', 0, NULL, '2004-06-04 20:00:00', 1874, 'Eremogone koriniana (Fisch. ex Fenzl) Ikonn. ', 'Песчанка Корина', 'Оренбургская  обл., Сорочинский р-он, в 2 км к с-з от с. Сарабкино. Степные склоны. Разнотравно-типачково-ковыльная асс.', 1000, 'Шаронова И.В., Плаксина Т.И., Авдеева И.В.', NULL, NULL, 'Arenaria koriniana Fisch. ex Fenzl', '2021-05-20 17:49:19', '2021-05-20 17:49:19', NULL, 0),
(541, 1, 3, 1875, '{\"lat\": \"52.33369\", \"lng\": \"53.465503\"}', 0, NULL, '2005-06-30 20:00:00', 1875, 'Dianthus leptopetalus Willd. ', 'Гвоздика узколепестная', 'Оренбургская обл., Новосергиевский р-он, г. Черная (Чернышева) (319 м) в 4 км на с-в от с. Землянка. Степные склоны. Разнотравно-типачково-ковыльная асс.', 350, 'Шаронова И.В., Ильина В.Н., Плаксина Т.И., Рыжкова О.В., Кудашкина Т.И.', NULL, 3.00, 'Dianthus leptopetalus Willd.', '2021-05-20 17:49:19', '2021-05-20 17:49:19', NULL, 0),
(542, 1, 3, 1877, '{\"lat\": \"52.33369\", \"lng\": \"53.465503\"}', 0, NULL, '2005-06-29 20:00:00', 1877, 'Melica altissima L.', 'Перловник высокий', 'Оренбургская обл., Сорочинский р-он, окр. с. Рощино. Степи на песках. Разнотравно-типачково-ковыльная асс.', 350, 'Плаксина Т.И., Шаронова И.В., Ильина В.Н., Рыжкова О.В., Кудашкина Т.И.', NULL, NULL, 'Melica altissima L.', '2021-05-20 17:49:19', '2021-05-20 17:49:19', NULL, 0),
(543, 1, 3, 1878, '{\"lat\": \"52.503106\", \"lng\": \"53.40756\", \"title\": null}', 1, '2021-05-20 19:09:06', '2004-07-08 20:00:00', 1878, 'Nymphaea candida C. Presl', 'Кувшинка чисто-белая', 'Оренбургская обл., Красногвардейский р-он, в 2-3 км к востоку от с. Староюлдашево. Правобережье р. Ток. В воде.', 1000, 'Плаксина Т.И., Петрова А.Ю., Рыжкова О.В., Кудашкина Т.А.', NULL, 3.00, 'Nymphaea candida J. et C. Presl', '2021-05-20 17:49:19', '2021-05-21 18:36:14', NULL, 1),
(544, 1, 3, 1879, '{\"lat\": \"53.18917\", \"lng\": \"50.11715\", \"title\": null}', 1, '2021-05-20 19:08:59', '2017-04-25 20:00:00', 1879, 'Gagea bulbifera (Pall.) Salisb.', 'Гусиный лук луковиценосный', 'г. Самара, западный макросклон Сорочинских гор, скальный массив известняковых пород выше Дикого берега, правобережная приустьевая часть большого безымянного оврага. Остепненный каменистый склон. Высота - 84 м.', 5, 'Головлёв А.А.', 'Макарова Ю.В., Плаксина Т.И.', 3.00, 'Gagea bulbifera (Pall.) Salisb.', '2021-05-20 17:49:19', '2021-06-09 08:29:15', NULL, 4),
(545, 1, 3, 1890, '{\"lat\": \"53.189054\", \"lng\": \"50.11716\"}', 0, NULL, '2016-04-07 20:00:00', 1890, 'Gagea pusilla (F.W.Schmidt) Sweet ', 'Гусиный лук низкий', 'г. Самара, Красноглинский район, Сорочинские горы,ниже горы Полки, крутой склон западной-юго-западной экспозиции. Каменистая степь. Высота - 112 м.', 5, 'Макарова Ю.В., Головлёв А.А.', 'Макарова Ю.В.', NULL, 'Gagea pusilla (F.W. Schmidt) Schult. et Schult. fil.', '2021-05-20 17:49:19', '2021-05-20 17:49:19', NULL, 0),
(546, 1, 3, 1899, '{\"lat\": \"53.19173\", \"lng\": \"50.11666\"}', 0, NULL, '2017-04-09 20:00:00', 1899, 'Gagea podolica Schult. et Schult. fil.', 'Гусиный лук подольский', 'г. Самара, Красноглинский район, западный макросклон Сорочинских гор, южный склон скального массива Малые Козерожки, вдоль тропы на спуск к касатикам низким. В составе лугово-степного сообщества на каменистом склоне. Высота - 82 м.', 5, 'Головлёв А.А.', 'Плаксина Т.И.', NULL, 'Gagea podolica Schult. et Schult. fil.', '2021-05-20 17:49:19', '2021-05-20 17:49:19', NULL, 0),
(547, 1, 3, 2009, '{\"lat\": \"53.19182\", \"lng\": \"50.11687\"}', 0, NULL, '2017-04-09 20:00:00', 2009, 'Gagea maeotica Artemczuk', 'Гусиный лук приазовский', 'г. Самара, Красноглинский р-н, западный макросклон Сорочинских гор, между скалой \"Окно\" и наклонной скальной поверхностью с шиверекией северной (здесь находится северная популяция шиверский). В  составе лугово-степного сообщества на крутом каменистом склоне. Цветущих луков мало. Высота - 97 м.', 5, 'Головлёв А.А.', 'Плаксина Т.И.', NULL, 'Gagea maeotica Artemczuk', '2021-05-20 17:49:19', '2021-05-20 17:49:19', NULL, 0),
(548, 1, 3, 2010, '{\"lat\": \"53.19182\", \"lng\": \"50.11687\", \"title\": null}', 1, '2021-05-20 18:02:49', '2017-04-06 20:00:00', 2010, 'Gagea maeotica Artemczuk', 'Гусиный лук приазовский', 'г. Самара, Октябрьский р-н, Сорочинские горы, нижняя часть южного склона Лысой горы. В  составе лугово-степного сообщества на каменистом склоне. Высота - 97 м.', 5, 'Головлёв А.А.', 'Плаксина Т.И.', NULL, 'Gagea maeotica Artemczuk', '2021-05-20 17:49:19', '2021-06-10 07:04:45', NULL, 10),
(556, 1, 3, 5, '{\"lat\": \"54.194764\", \"lng\": \"51.115201\"}', 0, NULL, '2014-06-24 20:00:00', 5, 'Bupleurum longifolium subsp. aureum (Fisch ex Hoffm.) Soó ', 'Володушка золотистая', 'Самарская обл., Челно-Вершинский р-н, вблизи п.п. \"Дубрава водоохранная\". Лесная поляна.', 5000, 'Корчикова Т.А., Буранова Ю.Г.', 'Плаксина Т.И.', 3.00, 'Bupleurum aureum (Hoffm.) Fisch. ex Hoffm.', '2021-05-21 08:42:03', '2021-05-21 08:42:03', NULL, 0),
(557, 15, 3, 40, '{\"lat\": \"53.152287\", \"lng\": \"49.105873\"}', 0, NULL, '1992-09-08 20:00:00', 40, 'Helichrysum arenarium (L.) Moench ', 'Цмин песчаный', 'Самарская обл., Безенчукский р-н, Усинский залив, дер. Переволоки. Лесная  поляна у дороги, в сосняках.', 1500, 'Бочкарева Г.В.', NULL, 5.00, 'Helichrysum arenarium (L.) Moench ', '2021-05-21 08:42:03', '2021-05-21 08:42:03', NULL, 0),
(558, 15, 3, 42, '{\"lat\": \"5.2582933\", \"lng\": \"51.14635\"}', 0, NULL, '1986-07-11 20:00:00', 42, 'Helichrysum arenarium (L.) Moench ', 'Цмин песчаный', 'Куйбышевская обл., Кинельский р-н, Красносамарское лесничество. Песчаная степь.', 3000, 'Назарова Н.А.', NULL, 5.00, 'Helichrysum arenarium (L.) Moench ', '2021-05-21 08:42:03', '2021-05-21 08:42:03', NULL, 0),
(559, 14, 3, 148, '{\"lat\": \"53.222757\", \"lng\": \"49.203051\"}', 0, NULL, '1986-07-20 20:00:00', 148, 'Alyssum lenense Adams', 'Бурачок ленский', 'Самарская обл., Ставропольский р-н, 2-3 км к востоку от с. Жигули, Молодецкий курган, южный склон. Известняк.', 1500, 'Головин В.И.', 'Головин В.И.', 3.00, 'Alyssum lenense Adams', '2021-05-21 08:42:03', '2021-05-21 08:42:03', NULL, 0),
(560, 14, 3, 149, '{\"lat\": \"53.224496\", \"lng\": \"49.194956\"}', 0, NULL, '1986-07-08 20:00:00', 149, 'Schivereckia hyperborea (L.) Berkutenko', 'Шиверекия северная', 'Самарская обл., Ставропольский р-н, 3 км к востоку от с. Жигули, Молодецкий курган, западный склон.', 1500, 'Головин В.И.', 'Плаксина Т.И.', 2.00, 'Schivereckia hyperborea (L.) Berkutenko', '2021-05-21 08:42:03', '2021-05-21 08:42:03', NULL, 0),
(561, 14, 3, 150, '{\"lat\": \"53.224554\", \"lng\": \"49.201706\"}', 0, NULL, '1986-07-26 20:00:00', 150, 'Schivereckia hyperborea (L.) Berkutenko', 'Шиверекия северная', 'Самарская обл., Ставропольский р-н, 3 км к востоку от с. Жигули Молодецкий курган, юго-западный склон.', 1500, 'Головин В.И.', 'Головин В.И.', 2.00, 'Schivereckia hyperborea (L.) Berkutenko', '2021-05-21 08:42:03', '2021-05-21 08:42:03', NULL, 0),
(562, 14, 3, 209, '{\"lat\": \"53.28173\", \"lng\": \"48.545019\"}', 0, NULL, '1992-08-06 20:00:00', 209, 'Diplotaxis tenuifolia subsp. cretacea (Kotov) Sobrino Vesperinas', 'Двурядка меловая', 'Самарский обл., Шигонский р-н, 1 км от с. Левашовка. По склону холма, недалеко от родника.', 2000, 'Головин В.И., Плаксина Т.И.', NULL, 4.00, 'Diplotaxis cretacea Kotov', '2021-05-21 08:42:03', '2021-05-21 08:42:03', NULL, 0),
(563, 13, 3, 210, '{\"lat\": \"53.104026\", \"lng\": \"54.04352\"}', 0, NULL, '2005-06-10 20:00:00', 210, 'Astragalus scopaeformis Ledeb.', 'Астрагал вениковидный', 'Оренбургская обл., Пономаревский р-н, 1 км на север от с. Алябьево. Разнотравные плотнодерновинные степи.', 500, 'Рыжкова О.В.', 'Сытин А.К.', 3.00, 'Astragalus scopaeformis Ledeb.', '2021-05-21 08:42:03', '2021-05-21 08:42:03', NULL, 0),
(564, 13, 3, 245, '{\"lat\": \"53.175213\", \"lng\": \"50.46464\"}', 0, NULL, '2008-05-14 20:00:00', 245, 'Astragalus zingeri Korzchinsky', 'Астрагал Цингера', 'Самарская обл., Кинельский р-н, окр. с. Преображенка. Степные холмы.', 4000, 'Кудашкина Т.А., Картавых Т.Н.', 'Сытин А.К.', 3.00, 'Astragalus zingeri Korzchinsky', '2021-05-21 08:42:03', '2021-05-21 08:42:03', NULL, 0),
(565, 13, 3, 246, '{\"lat\": \"53.175213\", \"lng\": \"50.46464\"}', 0, NULL, '2008-05-14 20:00:00', 246, 'Astragalus zingeri Korzchinsky', 'Астрагал Цингера', 'Самарская обл., Кинельский р-н, окр. с. Преображенка. Степные холмы.', 4000, 'Кудашкина Т.А., Картавых Т.Н.', 'Сытин А.К.', 3.00, 'Astragalus zingeri Korzchinsky', '2021-05-21 08:42:03', '2021-05-21 08:42:03', NULL, 0),
(566, 13, 3, 247, '{\"lat\": \"53.183791\", \"lng\": \"50.453996\"}', 0, NULL, '2008-06-14 20:00:00', 247, 'Astragalus zingeri Korzchinsky', 'Астрагал Цингера', 'Самарская обл., Кинельский р-н.Степные холмы в окр. д/м Гвардейцы.', 1000, 'Кудашкина Т.А., Картавых Т.Н.', NULL, 3.00, 'Astragalus zingeri Korzchinsky', '2021-05-21 08:42:03', '2021-05-21 08:42:03', NULL, 0),
(567, 13, 3, 249, '{\"lat\": \"53.175213\", \"lng\": \"50.46464\"}', 0, NULL, '2008-05-14 20:00:00', 249, 'Astragalus zingeri Korzchinsky', 'Астрагал Цингера', 'Самарская обл., Кинельский р-н, окр. с. Преображенка. Степные холмы.', 4000, 'Кудашкина Т.А., Картавых Т.Н.', 'Сытин А.К.', 3.00, 'Astragalus zingeri Korzchinsky', '2021-05-21 08:42:03', '2021-05-21 08:42:03', NULL, 0),
(568, 13, 3, 251, '{\"lat\": \"53.241596\", \"lng\": \"49.184204\"}', 0, NULL, '1986-07-20 20:00:00', 251, 'Astragalus zingeri Korzchinsky', 'Астрагал Цингера', 'Самарская обл., Ставропольский р-н, Молодецкий курган. Южный склон, известняк.', 6000, 'Головин В.И.', NULL, 3.00, 'Astragalus zingeri Korzchinsky', '2021-05-21 08:42:03', '2021-05-21 08:42:03', NULL, 0),
(569, 13, 3, 254, '{\"lat\": \"53.152402\", \"lng\": \"48.36368\"}', 0, NULL, '1990-06-04 20:00:00', 254, 'Astragalus scopaeformis Ledeb.', 'Астрагал вениковидный', 'Куйбышевская обл., Сызранский р-н, окр. с. Троекуровки. Каменистая степь на склонах.', 1000, 'Раков Н.С.', 'Сытин А.К.', 3.00, 'Astragalus scopaeformis Ledeb.', '2021-05-21 08:42:03', '2021-05-21 08:42:03', NULL, 0),
(570, 13, 3, 262, '{\"lat\": \"52.32168\", \"lng\": \"51.133392\"}', 0, NULL, '2010-05-25 20:00:00', 262, 'Astragalus scopaeformis Ledeb.', 'Астрагал вениковидный', 'Самарская обл., Большечерниговский р-н, 4 км на восток от с. Верхние Росташи. Степные холмы.', 1000, 'Кудрявцева Е.А., Колошко Н.В.', 'Сытин А.К.', 3.00, 'Astragalus scopaeformis Ledeb.', '2021-05-21 08:42:03', '2021-05-21 08:42:03', NULL, 0),
(571, 13, 3, 263, '{\"lat\": \"53.282570\", \"lng\": \"53.2867\"}', 0, NULL, '2005-06-27 20:00:00', 263, 'Astragalus scopaeformis Ledeb.', 'Астрагал вениковидный', 'Оренбургская обл., Алексеевский р-н. окр. с. Старокульшарипово.', 1000, 'Плаксина Т.И., Рыжкова О.В.', 'Сытин А.К.', 3.00, 'Astragalus scopaeformis Ledeb.', '2021-05-21 08:42:03', '2021-05-21 08:42:03', NULL, 0),
(572, 13, 3, 268, '{\"lat\": \"53.132594\", \"lng\": \"50.393823\"}', 0, NULL, '2004-06-06 20:00:00', 268, 'Astragalus macropus Bunge', 'Астрагал длинноножковый', 'Самарская обл., Кинельский р-н, 1 км на  сев.-восток от г. Кинель. Луговая степь.', 100, 'Корчиков Е.С.', 'Сытин А.К.', 5.00, 'Astragalus macropus Bunge', '2021-05-21 08:42:03', '2021-05-21 08:42:03', NULL, 0),
(573, 13, 3, 269, '{\"lat\": \"51.475175\", \"lng\": \"50.584773\"}', 0, NULL, '2010-05-24 20:00:00', 269, 'Astragalus macropus Bunge', 'Астрагал длинноножковый', 'Оренбургская обл., Первомайский р-н, окр. п. Курлин.', 1500, 'Кудрявцева Е.А., Колошко Н.В.', 'Сытин А.К.', 5.00, 'Astragalus macropus Bunge', '2021-05-21 08:42:03', '2021-05-21 08:42:03', NULL, 0),
(574, 13, 3, 270, '{\"lat\": \"53.304743\", \"lng\": \"51.464396\"}', 0, NULL, '2009-05-22 20:00:00', 270, 'Astragalus macropus Bunge', 'Астрагал длинноножковый', 'Самарская обл., Похвистневский р-н, с.-з. окраина с. М. Толкай. Разнотравно-ковыльная степь.', 1000, 'Кудашкина Т.И.', 'Кудашкина Т.И., Сытин А.К.', 5.00, 'Astragalus macropus Bunge', '2021-05-21 08:42:03', '2021-05-21 08:42:03', NULL, 0),
(575, 13, 3, 271, '{\"lat\": \"51.475175\", \"lng\": \"50.584773\"}', 0, NULL, '2010-05-24 20:00:00', 271, 'Astragalus macropus Bunge', 'Астрагал длинноножковый', 'Оренбургская обл., Первомайский р-н, п. Курлин.', 1500, 'Кудрявцева Е.А., Колошко Н.В.', 'Сытин А.К.', 5.00, 'Astragalus macropus Bunge', '2021-05-21 08:42:03', '2021-05-21 08:42:03', NULL, 0),
(576, 13, 3, 272, '{\"lat\": \"52.54932\", \"lng\": \"51.134791\"}', 0, NULL, '2010-05-25 20:00:00', 272, 'Astragalus macropus Bunge', 'Астрагал длинноножковый', 'Самарская обл., Большечерниговский р-н, 6 км на с.-в. от с. Верхние Росташи.', 1000, 'Кудрявцева Е.А., Колошко Н.В.', 'Сытин А.К.', 5.00, 'Astragalus macropus Bunge', '2021-05-21 08:42:03', '2021-05-21 08:42:03', NULL, 0),
(577, 13, 3, 273, '{\"lat\": \"53.415185\", \"lng\": \"53.111992\"}', 0, NULL, '2007-07-18 20:00:00', 273, 'Astragalus macropus Bunge', 'Астрагал длинноножковый', 'Оренбургская обл., Алексеевский р-н, 2 км на с.-в. от с. Мочегай. Каменистые степи.', 500, 'Канова Е.Г., Ефименко В.А.', 'Сытин А.К.', 5.00, 'Astragalus macropus Bunge', '2021-05-21 08:42:03', '2021-05-21 08:42:03', NULL, 0),
(578, 13, 3, 274, '{\"lat\": \"52.54932\", \"lng\": \"51.134791\"}', 0, NULL, '2010-05-25 20:00:00', 274, 'Astragalus macropus Bunge', 'Астрагал длинноножковый', 'Самарская обл., Большечерниговский р-н, 6 км на с.-в. от с. Верхние Росташи.', 1000, 'Кудрявцева Е.А., Колошко Н.В.', 'Сытин А.К.', 5.00, 'Astragalus macropus Bunge', '2021-05-21 08:42:03', '2021-05-21 08:42:03', NULL, 0),
(579, 13, 3, 275, '{\"lat\": \"52.54932\", \"lng\": \"51.134791\"}', 0, NULL, '2010-05-25 20:00:00', 275, 'Astragalus macropus Bunge', 'Астрагал длинноножковый', 'Самарская обл., Большечерниговский р-н, 6 км на с.-в. от с. Верхние Росташи.', 1000, 'Кудрявцева Е.А., Колошко Н.В.', 'Сытин А.К.', 5.00, 'Astragalus macropus Bunge', '2021-05-21 08:42:03', '2021-05-21 08:42:03', NULL, 0),
(580, 13, 3, 276, '{\"lat\": \"52.54932\", \"lng\": \"51.134791\"}', 0, NULL, '2010-05-25 20:00:00', 276, 'Astragalus macropus Bunge', 'Астрагал длинноножковый', 'Самарская обл., Большечерниговский р-н, 6 км на с.-в. от с. Верхние Росташи.', 1000, 'Кудрявцева Е.А., Колошко Н.В.', 'Сытин А.К.', 5.00, 'Astragalus macropus Bunge < A. pallescens ', '2021-05-21 08:42:03', '2021-05-21 08:42:03', NULL, 0),
(581, 1, 3, 351, '{\"lat\": \"53.93017\", \"lng\": \"48.212083\"}', 0, NULL, '2008-05-20 20:00:00', 351, 'Iris aphylla L.', 'Ирис безлистный', 'Самарская обл., Сызранский р-н, окр. ст. Новообразцовое. Дубрава в окружении песчаной степи.', 500, 'Плаксина Т.И., Калашникова О.В., Попова Д.С.', NULL, 3.00, 'Iris aphylla L.', '2021-05-21 08:42:03', '2021-05-21 08:42:03', NULL, 0),
(582, 13, 3, 440, '{\"lat\": \"53.403873\", \"lng\": \"52.92144\"}', 0, NULL, '1986-08-08 20:00:00', 440, 'Astragalus helmii Fisch. ex DC.', 'Астрагал Гельма', 'Самарская обл., Похвистневский р-н, 4-5 км к северу от г. Похвистнево, г. Копейка.', 1000, 'Головин В.И.', NULL, 3.00, 'Astragalus helmii  Fisch.', '2021-05-21 08:42:03', '2021-05-21 08:42:03', NULL, 0),
(583, 13, 3, 441, '{\"lat\": \"53.24812\", \"lng\": \"49.184197\"}', 0, NULL, '1986-07-20 20:00:00', 441, 'Astragalus helmii Fisch. ex DC.', 'Астрагал Гельма', 'Самарская обл., Ставропольский р-н, Молодецкий курган, южный склон, известняк.', 3000, 'Головин В.И.', NULL, 3.00, 'Astragalus helmii  Fisch.', '2021-05-21 08:42:03', '2021-05-21 08:42:03', NULL, 0),
(584, 13, 3, 442, '{\"lat\": \"53.24812\", \"lng\": \"49.184197\"}', 0, NULL, '1986-07-20 20:00:00', 442, 'Astragalus helmii Fisch. ex DC.', 'Астрагал Гельма', 'Самарская обл., Ставропольский р-н, Молодецкий курган. Южный склон, известняк.', 3000, 'Головин В.И.', NULL, 3.00, 'Astragalus helmii Fisch.', '2021-05-21 08:42:03', '2021-05-21 08:42:03', NULL, 0),
(585, 13, 3, 444, '{\"lat\": \"53.263625\", \"lng\": \"53.81265\"}', 0, NULL, '2006-07-27 20:00:00', 444, 'Astragalus cornutus Pall.', 'Астрагал рогоплодный', 'Оренбургская обл., Алексеевский р-н, 1 км на с.-в. от с. Тарханы. Заросли кустарников.', 500, 'Рыжкова О.В., Кудашкина Т.А.', NULL, 3.00, 'Astragalus cornutus Pall.', '2021-05-21 08:42:03', '2021-05-21 08:42:03', NULL, 0),
(586, 13, 3, 445, '{\"lat\": \"53.263625\", \"lng\": \"53.81265\"}', 0, NULL, '2006-07-27 20:00:00', 445, 'Astragalus cornutus Pall.', 'Астрагал рогоплодный', 'Оренбургская обл., Алексеевский р-н, 1 км на с.-в. от с. Тарханы. Заросли кустарников.', 500, 'Рыжкова О.В., Кудашкина Т.А.', NULL, 3.00, 'Astragalus cornutus Pall.', '2021-05-21 08:42:03', '2021-05-21 08:42:03', NULL, 0),
(587, 13, 3, 446, '{\"lat\": \"53.263625\", \"lng\": \"53.81265\"}', 0, NULL, '2006-07-27 20:00:00', 446, 'Astragalus cornutus Pall.', 'Астрагал рогоплодный', 'Оренбургская обл., Алексеевский р-н, 1 км на с.-в. от с. Тарханы. Участок кустарниковых зарослей.', 500, 'Рыжкова О.В., Кудашкина Т.А.', NULL, 3.00, 'Astragalus cornutus Pall.', '2021-05-21 08:42:03', '2021-05-21 08:42:03', NULL, 0),
(589, 1, 3, 623, '{\"lat\": \"53.134179\", \"lng\": \"50.01329\"}', 0, NULL, '1996-09-10 20:00:00', 623, 'Gentiana pneumonanthe L.', 'Горечавка лёгочная', 'Самарская обл., Волжский р-н, с. Рождествено, дорога на Шелехметь. Долина реки Волги, луг около естественного водоема.', 4000, 'Сергеев А.В.', 'Нечаев А.В.', 3.00, 'Gentiana pneumonanthe L.', '2021-05-21 08:42:03', '2021-05-21 08:42:03', NULL, 0),
(590, 1, 3, 624, '{\"lat\": \"51.484117\", \"lng\": \"54.91051\"}', 0, NULL, '2007-07-17 20:00:00', 624, 'Gentiana cruciata L.', 'Горечавка перекрёстнолистная', 'Оренбургская обл., Алексеевский р-н, окр. с. Алексеевка. Разнотравно-овсецовая степь.', 3000, 'Попова Д.С.', NULL, NULL, 'Gentiana cruciata L.', '2021-05-21 08:42:03', '2021-05-21 08:42:03', NULL, 0),
(591, 15, 3, 684, '{\"lat\": \"5.2582933\", \"lng\": \"51.14635\"}', 0, NULL, '1986-07-11 20:00:00', 684, 'Helichrysum arenarium (L.) Moench', 'Цмин песчаный', 'Куйбышевская обл. Красносамарское лесничество. Арена р. Самары, песчаная степь.', 3000, 'Поздняков Ю.Н., Киселев С.А.', 'Гуро А.В.', 5.00, 'Helichrysum arenarium (L.) Moench', '2021-05-21 08:42:04', '2021-05-21 08:42:04', NULL, 0),
(592, 1, 3, 716, '{\"lat\": \"53.93017\", \"lng\": \"48.212083\"}', 0, NULL, '2008-05-20 20:00:00', 716, 'Pulsatilla pratensis (L.) Miller', 'Прострел луговой', 'Самарская обл., Сызранский р-н, окр. ст. Новообразцовое. Дубрава на границе с ковыльно-песчаной степью.', 500, 'Плаксина Т.И., Калашникова О.В., Попова Д.С.', NULL, 2.00, 'Pulsatilla pratensis (L.) Miller', '2021-05-21 08:42:04', '2021-05-21 08:42:04', NULL, 0),
(593, 1, 3, 717, '{\"lat\": \"53.93017\", \"lng\": \"48.212083\"}', 0, NULL, '2008-05-20 20:00:00', 717, 'Pulsatilla pratensis (L.) Miller', 'Прострел луговой', 'Самарская обл., Сызранский р-н, окр. ст. Новообразцовое. Ковыльно-песчаная степь в окружении дубрав.', 500, 'Плаксина Т.И., Калашникова О.В., Попова Д.С.', NULL, 2.00, 'Pulsatilla pratensis (L.) Miller', '2021-05-21 08:42:04', '2021-05-21 08:42:04', NULL, 0),
(594, 1, 3, 718, '{\"lat\": \"53.93017\", \"lng\": \"48.212083\"}', 0, NULL, '2008-05-20 20:00:00', 718, 'Pulsatilla patens (L.) Mill.', 'Прострел раскрытый', 'Самарская обл., Сызранский р-н, окр. ст. Новообразцовое. Песчаная степь в окружении дубрав.', 500, 'Плаксина Т.И., Калашникова О.В., Попова Д.С.', NULL, 5.00, 'Pulsatilla patens (L.) Mill.', '2021-05-21 08:42:04', '2021-05-21 08:42:04', NULL, 0),
(595, 13, 3, 815, '{\"lat\": \"53.382184\", \"lng\": \"51.234306\"}', 0, NULL, '2016-06-08 20:00:00', 815, 'Asparagus officinalis L. ', 'Спаржа лекарственная', 'Самарская  обл., Кинель-Черкасский р-н, памятник природы \"Сарбайская лесостепь\". Луг.', 7000, 'Кисленок А.П.', 'Плаксина Т.И.', NULL, 'Asparagus polyphyllus Steven ex Ledeb.', '2021-05-21 08:42:04', '2021-05-21 08:42:04', NULL, 0),
(596, 13, 3, 817, '{\"lat\": \"53.202891\", \"lng\": \"52.72515\"}', 0, NULL, '2016-05-12 20:00:00', 817, 'Astragalus macropus Bunge', 'Астрагал длинноножковый', 'Самарская  обл., Кинель-Черкасский р-н, памятник природы \"Урочище в верховьях реки Кувайки\". Разнотравно-ковыльная степь по склону реки Кувайки', 4000, 'Кисленок А.П.', 'Плаксина Т.И.', 5.00, 'Astragalus macropus Bunge', '2021-05-21 08:42:04', '2021-05-21 08:42:04', NULL, 0),
(597, 14, 3, 839, '{\"lat\": \"52.144566\", \"lng\": \"50.23968\"}', 0, NULL, '1997-05-31 20:00:00', 839, 'Lepidium coronopifolium Fisch. ex DC. ', 'Клоповник воронцелистный', 'Самарская обл.,  Пестравский р-н, Манурин Дол в 17 км к югу от с. Высокое. Общий сырт. Ковыльная степь.', 3000, 'Лазарева И.О., Пахомова И.П.', NULL, 3.00, 'Lepidium coronopifolium Fisch. ex Ledeb.', '2021-05-21 08:42:04', '2021-05-21 08:42:04', NULL, 0),
(598, 1, 3, 882, '{\"lat\": \"53.525790\", \"lng\": \"52.74516\"}', 0, NULL, '1989-07-13 20:00:00', 882, 'Epipactis helleborine (L.) Crantz', 'Дремлик широколистный', 'Куйбышевская обл., Похвистневский р-н, окр. с. Кротково. Лиственный лес на водоразделе, просека, квартал 106, 116.', 7000, 'Размыслова И.Ю., Андреева Н.В.', NULL, NULL, 'Epipactis helleborine (L.) Crantz', '2021-05-21 08:42:04', '2021-05-21 08:42:04', NULL, 0),
(599, 15, 3, 937, '{\"lat\": \"53.525790\", \"lng\": \"52.74516\"}', 0, NULL, '1989-07-13 20:00:00', 937, 'Rhaponticoides ruthenica (Lam.) M. V. Agab. et Greuter', 'Василёк русский', 'Куйбышевская обл., Похвистневский р-н, окр. с. Кротково. Лиственный лес на водоразделе, поляна.', 7000, 'Размыслова И.Ю., Андреева Н.В.', NULL, NULL, 'Centaurea ruthenica Lam.', '2021-05-21 08:42:04', '2021-05-21 08:42:04', NULL, 0),
(600, 1, 3, 955, '{\"lat\": \"51.471176\", \"lng\": \"50.455855\"}', 0, NULL, '1990-10-10 20:00:00', 955, 'Camphorosma monspeliaca L. ', 'Камфоросма монпельинская', 'Самарская и Оренбургская области на южной границе. Большечерниговский р-н Самарской обл. Общий Сырт. Урочище Грызлы. Ковыльная степь с участками чернопыльной ассоциации.', 2000, 'Андреева Н.В.', 'Размыслова И.Ю.', 3.00, 'Camphorosma monspeliaca L. ', '2021-05-21 08:42:04', '2021-05-21 08:42:04', NULL, 0),
(601, 15, 3, 983, '{\"lat\": \"53.562589\", \"lng\": \"51.421785\"}', 0, NULL, '1990-07-14 20:00:00', 983, 'Helichrysum arenarium (L.) Moench', 'Цмин песчаный', 'Куйбышевская обл., Исаклинский р-н, окр. с. Бол. Микушкино. Каменистая степь. У Ишуткинского моста.', 2250, 'Вигдергауз М.М., Демина О.Е.', NULL, 5.00, 'Helichrysum arenarium (L.) Moench', '2021-05-21 08:42:04', '2021-05-21 08:42:04', NULL, 0),
(602, 1, 3, 990, '{\"lat\": \"53.563641\", \"lng\": \"51.39814\"}', 0, NULL, '1990-07-15 20:00:00', 990, 'Plantago maxima Juss. ex Jacq.', 'Подорожник наибольший', 'Куйбышевская обл., Исаклинский р-н, окр. с. Бол. Микушкино. Лиственный лес на возвышенности, вдоль дорог.', 2500, 'Демина О.Е., Вигдергауз М.М.', NULL, 5.00, 'Plantago maxima Juss. ex Jacq. ', '2021-05-21 08:42:04', '2021-05-21 08:42:04', NULL, 0),
(603, 15, 3, 996, '{\"lat\": \"52.574911\", \"lng\": \"51.1468\"}', 0, NULL, '2011-06-25 20:00:00', 996, 'Rhaponticoides ruthenica (Lam.) M. V. Agab. et Greuter', 'Василёк русский', 'Самарская обл., Кинельский р-н, Красносамарское лесничество, Баринова поляна, кв. 117. Каменистая степь.', 300, 'Горина М.В., Пушкина С.А.', 'Горина М.В., Пушкина С.А.', NULL, 'Centaurea ruthenica Lam.', '2021-05-21 08:42:04', '2021-05-21 08:42:04', NULL, 0),
(604, 1, 3, 1015, '{\"lat\": \"52.59920\", \"lng\": \"51.31660\"}', 0, NULL, '2011-06-23 20:00:00', 1015, 'Melica altissima L.', 'Перловник высокий', 'Самарская обл., Кинельский р-н, Красносамарское лесничество, кв. 93. Опушка дубравы.', 1000, 'Горина М.В., Пушкина С.А.', 'Горина М.В., Пушкина С.А.', NULL, 'Melica altissima L.', '2021-05-21 08:42:04', '2021-05-21 08:42:04', NULL, 0),
(605, 1, 3, 1090, '{\"lat\": \"53.191094\", \"lng\": \"50.71376\"}', 0, NULL, '2000-09-09 20:00:00', 1090, 'Bupleurum falcatum L.', 'Володушка серповидная', 'Самарская обл., Волжский р-н, окр. с. Гаврилова поляна. Берег оз. Иордана.', 3600, 'Гущина Ю.А., Шаронова И.В.', 'Плаксина Т.И.', 3.00, 'Bupleurum falcatum L.', '2021-05-21 08:42:04', '2021-05-21 08:42:04', NULL, 0),
(606, 1, 3, 1093, '{\"lat\": \"53.192874\", \"lng\": \"51.513103\"}', 0, NULL, '2011-06-29 20:00:00', 1093, 'Palimbia turgaica Lipsky', 'Палимбия тургайская', 'Самарская обл., Кинель-Черкасский р-н, 1,5 км на северо-запад от с. Новые Ключи. Степь.', 1000, 'Михина Е.А., Серебряков И.С.', 'Корчикова Т.А.', 3.00, 'Palimbia turgaica Lipsky ex Woronow', '2021-05-21 08:42:04', '2021-05-21 08:42:04', NULL, 0),
(607, 1, 3, 1096, '{\"lat\": \"53.8761\", \"lng\": \"48.21255\"}', 0, NULL, '2013-05-11 20:00:00', 1096, 'Pulsatilla pratensis (L.) Miller', 'Прострел луговой', 'Самарская обл., Сызранский  р-н, Засызранская слобода. Дубрава с песчаными полянами. Под пологом отцветающая популяция P. pratensis.', 4000, 'Плаксина Т.И.', NULL, 2.00, 'Pulsatilla pratensis (L.) Mill.', '2021-05-21 08:42:04', '2021-05-21 08:42:04', NULL, 0),
(608, 1, 3, 1109, '{\"lat\": \"53.204063\", \"lng\": \"48.271879\"}', 0, NULL, '1986-06-27 20:00:00', 1109, 'Polemonium caeruleum subsp. himalayanum (Baker) H. Hara', 'Синюха голубая', 'Самарская обл., Сызранский р-н, 4-5 км к ю.-в. от с. Троицкого, Бутырский овраг.', 2000, 'Максимова В.И., Ларионова А.В., Забалканская Е.А.', NULL, 3.00, 'Polemonium caeruleum L.', '2021-05-21 08:42:04', '2021-05-21 08:42:04', NULL, 0),
(609, 1, 3, 1120, '{\"lat\": \"53.182158\", \"lng\": \"53.182158\"}', 0, NULL, '2000-10-04 20:00:00', 1120, 'Thymus guberlinensis Iljin', 'Тимьян губерлинский', 'Самарская обл., Волжский р-н, окр. г. Самары, Студеный овраг, г. Лысая. Обнажения известняка.', 600, 'Гущина Ю.А., Шаронова И.В.', 'Плаксина Т.И.', 3.00, 'Thymus zheguliensis Klok. et Shost.', '2021-05-21 08:42:04', '2021-05-21 08:42:04', NULL, 0);
INSERT INTO `museum_posts` (`id`, `category_id`, `user_id`, `inventory_number`, `coordinates`, `is_published`, `published_at`, `collection_date`, `barcode`, `adopted_name`, `russian_name`, `label_text`, `accuracy`, `collectors`, `determination`, `environmental_status`, `label_name`, `created_at`, `updated_at`, `deleted_at`, `count_views`) VALUES
(610, 1, 3, 1121, '{\"lat\": \"53.415285\", \"lng\": \"48.504354\"}', 0, NULL, '2000-09-06 20:00:00', 1121, 'Thymus dubjanskyi Klokov et Des.-Shost.', 'Тимьян Дубянского', 'Самарская обл., Шигонский р-н, с. Подвалье. Юг Сенгилеевской возвышенности. На мелах.', 1500, 'Гущина Ю.А., Шаронова И.В.', 'Плаксина Т.И.', 3.00, 'Thymus dubjanskii Klok. et Shost.', '2021-05-21 08:42:04', '2021-05-21 08:42:04', NULL, 0),
(611, 1, 3, 1126, '{\"lat\": \"53.2844\", \"lng\": \"52.63898\"}', 0, NULL, '2013-05-27 20:00:00', 1126, 'Pulsatilla patens (L.) Mill.', 'Прострел раскрытый', 'Оренбургская обл., Бузулукский бор, Боровое-Опытное лесничество, кв. 197. В сосновом лесу.', 1000, 'Плаксина Т.И.', NULL, 5.00, 'Pulsatilla patens (L.) Mill. ', '2021-05-21 08:42:04', '2021-05-21 08:42:04', NULL, 0),
(612, 1, 3, 1140, '{\"lat\": \"53.13874\", \"lng\": \"52.63728\"}', 0, NULL, '2013-05-06 20:00:00', 1140, 'Chimaphila umbellata (L.) W. Barton', 'Зимолюбка зонтичная', 'Оренбургская обл., Бузулукский бор, Боровое-Опытное лесничество, кв. 215. В сосновом лесу.', 1000, 'Калашникова О.В., Плаксина Т.И.', NULL, 3.00, 'Chimaphila umbellata (L.) W.P.C. Barton', '2021-05-21 08:42:04', '2021-05-21 08:42:04', NULL, 0),
(613, 1, 3, 1158, '{\"lat\": \"53.2844\", \"lng\": \"52.63898\"}', 0, NULL, '2013-05-27 20:00:00', 1158, 'Orthilia secunda (L.) House', 'Ортилия однобокая', 'Оренбургская обл., Бузулукский бор, Боровое-Опытное лесничество, кв. 197. В сосновом лесу, с участием березы.', 1000, 'Калашникова О.В., Плаксина Т.И.', 'Плаксина Т.И.', NULL, 'Orthilia secunda (L.) House', '2021-05-21 08:42:04', '2021-05-21 08:42:04', NULL, 0),
(614, 1, 3, 1166, '{\"lat\": \"52.565950\", \"lng\": \"52.11342\"}', 0, NULL, '2013-06-21 20:00:00', 1166, 'Pyrola rotundifolia L.', 'Грушанка круглолистная', 'Оренбургская обл., Бузулукский бор, Колтубанское лесничество, кв. 15, выдел 22. В смешанном лесу.', 1000, 'Калашникова О.В., Плаксина Т.И.', 'Плаксина Т.И.', 3.00, 'Pyrola rotundifolia L.', '2021-05-21 08:42:04', '2021-05-21 08:42:04', NULL, 0),
(615, 1, 3, 1176, '{\"lat\": \"53.03523\", \"lng\": \"52.64320\"}', 0, NULL, '2013-05-06 20:00:00', 1176, 'Tulipa sylvestris subsp. australis (Link) Pamp. ', 'Тюльпан южный', 'Оренбургская обл., Бузулукский бор, Боровое-Опытное лесничество, кв. 31. Около дороги.', 1000, 'Калашникова О.В., Плаксина Т.И.', 'Плаксина Т.И.', NULL, 'Tulipa quercetorum Klokov et Zoz', '2021-05-21 08:42:04', '2021-05-21 08:42:04', NULL, 0),
(616, 1, 3, 1182, '{\"lat\": \"53.01425\", \"lng\": \"52.4772\"}', 0, NULL, '2013-05-06 20:00:00', 1182, 'Adonis vernalis L.', 'Адонис весенний', 'Оренбургская обл., Бузулукский бор, Боровое-Опытное лесничество, кв. 35. В сосновом лесу.', 1000, 'Калашникова О.В., Плаксина Т.И.', 'Плаксина Т.И.', 5.00, 'Adonis vernalis L.', '2021-05-21 08:42:04', '2021-05-21 08:42:04', NULL, 0),
(617, 1, 3, 1289, '{\"lat\": \"53.8761\", \"lng\": \"48.21255\"}', 0, NULL, '2013-05-11 20:00:00', 1289, 'Pulsatilla patens (L.) Mill.', 'Прострел раскрытый', 'Самарская обл., Сызранский р-н, Засызранская слобода. Дубрава с песчаными полянами. Под пологом отцветающая популяция P. pratensis, рядом растут популяции P. patens.', 4000, 'Плаксина Т.И.', NULL, 5.00, 'Pulsatilla patens (L.) Mill.', '2021-05-21 08:42:04', '2021-05-21 08:42:04', NULL, 0),
(618, 1, 3, 1291, '{\"lat\": \"53.8761\", \"lng\": \"48.21255\"}', 0, NULL, '2013-05-11 20:00:00', 1291, 'Pulsatilla patens (L.) Mill.', 'Прострел раскрытый', 'Самарская обл., Сызранский р-н, Засызранская слобода. Дубрава с песчаными полянами. Под пологом отцветающая популяция P. pratensis, рядом растут популяции P. patens.', 4000, 'Плаксина Т.И.', NULL, 5.00, 'Pulsatilla patens (L.) Mill.', '2021-05-21 08:42:04', '2021-05-21 08:42:04', NULL, 0),
(619, 1, 3, 1296, '{\"lat\": \"53.232022\", \"lng\": \"48.164744\"}', 0, NULL, '1986-06-19 20:00:00', 1296, 'Gymnocarpium robertianum (Hoffm.) Newman', 'Голокучник Роберта', 'Самарская обл., Сызранский р-н, 2 км от поселка Передовой, 7 км к западу от с. Троицкого, 37 кв. Овражное понижение, на земляных валунах, в основании днища оврага, северо-северозападная экспозиция.', 600, 'Боголепова Н.В., Вартанянц В.В.', NULL, 3.00, 'Gymnocarpium robertianum (Hoffm.) Newm.', '2021-05-21 08:42:04', '2021-05-21 08:42:04', NULL, 0),
(620, 1, 3, 1300, '{\"lat\": \"52.234550\", \"lng\": \"49.483381\"}', 0, NULL, '1997-05-27 20:00:00', 1300, 'Ornithogalum fischerianum Krasch. ', 'Птицемлечник Фишера', 'Самарская обл., Общий Сырт. Пестравский р-н, 10 км к западу от Пестравки, урочище Любимое. Степные холмы Сырта, по дороге выпаса скота.', 3000, 'Лазарева И.О., Пахомова И.П.', 'Кузовенко О.А.', 3.00, 'Ornithogalum fischeranum Krasch. ', '2021-05-21 08:42:04', '2021-05-21 08:42:04', NULL, 0),
(621, 1, 3, 1310, '{\"lat\": \"52.234550\", \"lng\": \"49.483381\"}', 0, NULL, '1997-05-27 20:00:00', 1310, 'Tulipa sylvestris subsp. australis (Link) Pamp.', 'Тюльпан южный', 'Самарская обл.. Общий Сырт. Пестравский р-н, 10 км к западу от Пестравки, урочище Любимое. Степные холмы Сырта, по дороге выпаса скота.', 3000, 'Лазарева И.О., Пахомова И.П.', 'Кузовенко О.А.', NULL, 'Tulipa scythica Klokov et Zoz', '2021-05-21 08:42:04', '2021-05-21 08:42:04', NULL, 0),
(623, 1, 3, 1365, '{\"lat\": \"53.245903\", \"lng\": \"50.02150\"}', 0, NULL, '1986-06-12 20:00:00', 1365, 'Gymnocarpium robertianum (Hoffm.) Newman', 'Голокучник Роберта', 'Самарская обл., с. Ширяево. Каменные осыпи.', 2000, 'Головин В.И.', 'Головин В.И.', 3.00, 'Gymnocarpium robertianum (Hoffm.) Newm.', '2021-05-21 08:42:04', '2021-05-21 08:42:04', NULL, 0),
(624, 1, 3, 1366, '{\"lat\": \"53.245903\", \"lng\": \"50.02150\"}', 0, NULL, '1986-06-12 20:00:00', 1366, 'Gymnocarpium robertianum (Hoffm.) Newman', 'Голокучник Роберта', 'Самарская обл., с. Ширяево. Каменные осыпи, северная экспозиция.', 2000, 'Головин В.И.', 'Головин В.И.', 3.00, 'Gymnocarpium robertianum (Hoffm.) Newm.', '2021-05-21 08:42:04', '2021-05-21 08:42:04', NULL, 0),
(625, 1, 3, 1386, '{\"lat\": \"52.52330\", \"lng\": \"52.401939\"}', 0, NULL, '2003-06-26 20:00:00', 1386, 'Triglochin palustris L.', 'Триостренник болотный', 'Оренбургская обл., Грачевский р-н, в 3-4 км на юг от с. Ероховка. Сухореченские обрывы. По берегу р. Сухой Дол.', 1000, 'Шаронова И.В., Плаксина Т.И.', NULL, NULL, 'Triglochin palustre L.', '2021-05-21 08:42:04', '2021-05-21 08:42:04', NULL, 0),
(626, 1, 3, 1389, '{\"lat\": \"52.534816\", \"lng\": \"52.33211\"}', 0, NULL, '2011-07-03 20:00:00', 1389, 'Alisma bjoerkqvistii Tzvelev', 'Частуха Бъёркквиста', 'Оренбургская обл., Бузулукский р-н, Национальный парк \"Бузулукский бор\", 86 кв. Колтубанского лесничества. Заболоченный луг в долине реки Самары.', 500, 'Калашникова О.В., Плаксина Т.И., Лохманова Ю.О.', NULL, NULL, 'Alisma bjoerkqvistii Tzvel', '2021-05-21 08:42:04', '2021-05-21 08:42:04', NULL, 0),
(627, 1, 3, 1396, '{\"lat\": \"53.175236\", \"lng\": \"51.593973\"}', 0, NULL, '2014-06-09 20:00:00', 1396, 'Stipa pennata L.', 'Ковыль перистый', 'Самарская обл., Борский р-н, лес около с. Петровки. На открытых местах, с северной стороны леса, где растет Spiraea litv.', 13000, 'Плаксина Т.И., Шаланов И.В.', NULL, 5.00, 'Stipa pennata L.', '2021-05-21 08:42:04', '2021-05-21 08:42:04', NULL, 0),
(628, 1, 3, 1450, '{\"lat\": \"52.272687\", \"lng\": \"53.95068\"}', 0, NULL, '2004-09-14 20:00:00', 1450, 'Lomelosia isetensis (L.) J. Sojak', 'Скабиоза исетская', 'Оренбургская обл., Тоцкий р-н, окр. г. Сорочинска. Разнотравно-ковыльная степь, холмы Сырта.', 2000, 'Филатова Ю.А.', 'Филатова Ю.А.', NULL, 'Scabiosa isetensis L.', '2021-05-21 08:42:04', '2021-05-21 08:42:04', NULL, 0),
(629, 1, 3, 1584, '{\"lat\": \"53.01697\", \"lng\": \"52.34302\"}', 0, NULL, '2013-05-27 20:00:00', 1584, 'Pulsatilla patens (L.) Mill.', 'Прострел раскрытый', 'Оренбургская обл., Бузулукский бор. Боровое-опытное лесничество, кв. 34, выдел 4. Сосняк.', 1000, 'Плаксина Т.И.', NULL, 5.00, 'Pulsatilla patens (L.) Mill.', '2021-05-21 08:42:04', '2021-05-21 08:42:04', NULL, 0),
(630, 1, 3, 1591, '{\"lat\": \"53.01697\", \"lng\": \"52.34302\"}', 0, NULL, '2013-05-27 20:00:00', 1591, 'Pulsatilla patens (L.) Mill.', 'Прострел раскрытый', 'Оренбургская обл., Бузулукский бор. Боровое-опытное лесничество, кв. 34, выдел 4. Сосняк.', 1000, 'Плаксина Т.И.', NULL, 5.00, 'Pulsatilla patens (L.) Mill.', '2021-05-21 08:42:04', '2021-05-21 08:42:04', NULL, 0),
(631, 1, 3, 1605, '{\"lat\": \"53.131732\", \"lng\": \"50.23775\"}', 0, NULL, '2000-09-19 20:00:00', 1605, 'Salvinia natans (L.) All.', 'Сальвиния плавающая', 'Самарская обл., Волжский р-н, окр. с. Рождествено. В озере, на поверхности воды.', 2000, 'Малышева В.Ф.,Малышева Е.Ф.', 'Плаксина Т.И.', NULL, 'Salvinia natans (L.) All.', '2021-05-21 08:42:04', '2021-05-21 08:42:04', NULL, 0),
(632, 13, 3, 1621, '{\"lat\": \"53.283940\", \"lng\": \"53.15965\"}', 0, NULL, '2005-06-27 20:00:00', 1621, 'Astragalus helmii Fisch. ex DC.', 'Астрагал Гельма', 'Оренбургская обл., Алексеевский р-н, окр. с. Старокульшарипово. Степные холмы.', 2000, 'Плаксина Т.И., Рыжкова О.В.', 'Сытин А.К.', 3.00, 'Astragalus helmii Fisch.', '2021-05-21 08:42:04', '2021-05-21 08:42:04', NULL, 0),
(633, 13, 3, 1623, '{\"lat\": \"53.222757\", \"lng\": \"49.203051\"}', 0, NULL, '1986-07-20 20:00:00', 1623, 'Astragalus zingeri Korzchinsky', 'Астрагал Цингера', 'Самарская обл., Ставропольский р-н, Молодецкий курган. Южный склон, известняк.', 1500, 'Головин В.И.', NULL, 3.00, 'Astragalus zingeri Korsh.', '2021-05-21 08:42:04', '2021-05-21 08:42:04', NULL, 0),
(634, 1, 3, 1667, '{\"lat\": \"53.261168\", \"lng\": \"48.81707\"}', 0, NULL, '2006-07-22 20:00:00', 1667, 'Polypodium vulgare L.', 'Многоножка обыкновенная', 'Самарская обл., Сызранский р-н, Рачейские скалы. На склонах в сосновом лесу.', 500, 'Надина Т.С., Попова Д.С., Котенков Е.В.', NULL, 1.00, 'Polypodium vulgare L.', '2021-05-21 08:42:04', '2021-05-21 08:42:04', NULL, 0),
(635, 1, 3, 1823, '{\"lat\": \"53.124429\", \"lng\": \"50.4075\"}', 0, NULL, '1993-09-12 20:00:00', 1823, 'Salvinia natans (L.) All.', 'Сальвиния плавающая', 'Самарская обл., Волжский р-н, окр. с. Рождествено, в 1,5 км к югу от пристани. Пойма р. Волги. Проток Волги. Обычно.', 500, 'Ёлкина Е.М., Чеснокова О.Е.', NULL, NULL, 'Salvinia natans (L.) All.', '2021-05-21 08:42:04', '2021-05-21 08:42:04', NULL, 0),
(636, 13, 3, 1827, '{\"lat\": \"52.45764\", \"lng\": \"53.191089\"}', 0, NULL, '2004-06-05 20:00:00', 1827, 'Oxytropis floribunda (Pall.) DC.', 'Остролодочник яркоцветный', 'Оренбургская обл., Красногвардейский р-н, в 3 км к ю.-з. от п. Степного, п./п. Ванякина шишка. Степные склоны. Разнотравно-типчаково-полынная асс.', 500, 'Плаксина Т.И., Шаронова И.В., Авдеева Н.В.', NULL, 3.00, 'Oxytropis floribunda (Pall.) DC.', '2021-05-21 08:42:04', '2021-05-21 08:42:04', NULL, 0),
(637, 13, 3, 1828, '{\"lat\": \"52.45764\", \"lng\": \"53.191089\"}', 0, NULL, '2004-06-05 20:00:00', 1828, 'Astragalus scopaeformis Ledeb.', 'Астрагал вениковидный', 'Оренбургская обл., Красногвардейский р-н, в 3 км к ю.-з. от п. Степного, п./п. Ванякина шишка. Степные склоны. Разнотравно-типчаково-полынная асс.', 500, 'Плаксина Т.И., Шаронова И.В., Авдеева Н.В.', NULL, 3.00, 'Astragalus tenuifolius L.', '2021-05-21 08:42:04', '2021-05-21 08:42:04', NULL, 0),
(638, 15, 3, 1829, '{\"lat\": \"52.45764\", \"lng\": \"53.191089\"}', 0, NULL, '2004-06-05 20:00:00', 1829, 'Artemisia salsoloides Willd.', 'Полынь солянковидная', 'Оренбургская обл., Красногвардейский р-н, в 3 км к ю.-з. от п. Степного, п./п. Ванякина шишка. Степные склоны. Разнотравно-типчаково-полынная асс.', 500, 'Плаксина Т.И., Шаронова И.В., Авдеева Н.В.', NULL, 3.00, 'Artemisia salsoloides Willd.', '2021-05-21 08:42:04', '2021-05-21 08:42:04', NULL, 0),
(639, 1, 3, 1831, '{\"lat\": \"52.45764\", \"lng\": \"53.191089\"}', 0, NULL, '2004-06-05 20:00:00', 1831, 'Atraphaxis frutescens (L.) Ewersm. ', 'Курчавка кустарниковая', 'Оренбургская обл., Красногвардейский р-н, в 3 км к ю.-з. от п. Степного, п./п. Ванякина шишка. Степные склоны. Разнотравно-типчаково-полынная асс.', 500, 'Плаксина Т.И., Шаронова И.В., Авдеева Н.В.', NULL, 3.00, 'Atraphaxis frutescens (L.) C. Koch', '2021-05-21 08:42:04', '2021-05-21 08:42:04', NULL, 0),
(640, 13, 3, 1832, '{\"lat\": \"52.45764\", \"lng\": \"53.191089\"}', 0, NULL, '2004-06-05 20:00:00', 1832, 'Medicago cancellata M.Bieb. ', 'Люцерна решётчатая', 'Оренбургская обл., Красногвардейский р-н, в 3 км к ю.-з. от п. Степного, п./п. Ванякина шишка. Степные склоны. Разнотравно-типчаково-полынная асс.', 500, 'Плаксина Т.И., Шаронова И.В., Авдеева Н.В.', NULL, 3.00, 'Medicago cancellata Bieb.', '2021-05-21 08:42:04', '2021-05-21 08:42:04', NULL, 0),
(641, 13, 3, 1833, '{\"lat\": \"52.314508\", \"lng\": \"54.81148\"}', 0, NULL, '2005-06-09 20:00:00', 1833, 'Astragalus scopaeformis Ledeb.', 'Астрагал вениковидный', 'Оренбургская обл., Александровский р-н, водораздел Б. и М. Уранов, между с. Озерка и с. Украинка. Склоны южной экспозиции. В составе каменистой степи.', 2000, 'Шаронова И.В., Ильина В.Н.', NULL, 3.00, 'Astragalus tenuifolius L.', '2021-05-21 08:42:04', '2021-05-21 08:42:04', NULL, 0),
(642, 1, 3, 1835, '{\"lat\": \"52.21144\", \"lng\": \"54.232579\"}', 0, NULL, '2005-06-09 20:00:00', 1835, 'Convolvulus lineatus L.', 'Вьюнок узколистный', 'Оренбургская обл., Александровский р-н, выходы пород верхнепермской системы по дороге от с. Габдрафиково до с. Ждановка. В составе каменистой степи.', 3500, 'Шаронова И.В., Ильина В.Н.', NULL, 3.00, 'Convolvulus lineatus L.', '2021-05-21 08:42:04', '2021-05-21 08:42:04', NULL, 0),
(643, 1, 3, 1836, '{\"lat\": \"52.314508\", \"lng\": \"54.81148\"}', 0, NULL, '2005-06-09 20:00:00', 1836, 'Plantago maritima L.', 'Подорожник морской', 'Оренбургская обл., Александровский р-н, водораздел Б. и М. Уранов, между с. Озерка и с. Украинка. Склоны южной экспозиции. В составе каменистой степи.', 2000, 'Шаронова И.В., Ильина В.Н.', NULL, NULL, 'Plantago maritima L. s. l. (P. salsa Pallas)', '2021-05-21 08:42:04', '2021-05-21 08:42:04', NULL, 0);

-- --------------------------------------------------------

--
-- Структура таблицы `password_resets`
--

CREATE TABLE `password_resets` (
  `email` varchar(255) COLLATE utf8mb4_unicode_ci NOT NULL,
  `token` varchar(255) COLLATE utf8mb4_unicode_ci NOT NULL,
  `created_at` timestamp NULL DEFAULT NULL
) ENGINE=InnoDB DEFAULT CHARSET=utf8mb4 COLLATE=utf8mb4_unicode_ci;

-- --------------------------------------------------------

--
-- Структура таблицы `users`
--

CREATE TABLE `users` (
  `id` bigint(20) UNSIGNED NOT NULL,
  `name` varchar(255) COLLATE utf8mb4_unicode_ci NOT NULL,
  `email` varchar(255) COLLATE utf8mb4_unicode_ci NOT NULL,
  `email_verified_at` timestamp NULL DEFAULT NULL,
  `password` varchar(255) COLLATE utf8mb4_unicode_ci NOT NULL,
  `role` varchar(255) COLLATE utf8mb4_unicode_ci NOT NULL DEFAULT 'user',
  `remember_token` varchar(100) COLLATE utf8mb4_unicode_ci DEFAULT NULL,
  `created_at` timestamp NULL DEFAULT NULL,
  `updated_at` timestamp NULL DEFAULT NULL,
  `likes` json DEFAULT NULL
) ENGINE=InnoDB DEFAULT CHARSET=utf8mb4 COLLATE=utf8mb4_unicode_ci;

--
-- Дамп данных таблицы `users`
--

INSERT INTO `users` (`id`, `name`, `email`, `email_verified_at`, `password`, `role`, `remember_token`, `created_at`, `updated_at`, `likes`) VALUES
(1, 'Автор неизвестенf', 'author_unknown@gmail.com4', NULL, '$2y$10$uBPOSZwWJX8.c2c1pi15jOxlLefmOKjcgObopZfIuMvl/JHHMiP4G', 'admin', NULL, NULL, '2021-05-24 12:31:28', '[14, 10]'),
(2, 'Автор', 'author167@gmail.com', NULL, '$2y$10$lKxGDYJfQBnOlYWnoZYsuu5MQgxYoLpTYB3FFAUuPTBuWpQK8n3t6', 'user', NULL, NULL, NULL, 'null'),
(3, 'andrjuxa97', 'andrjuxa97@mail.ru', '2021-06-08 16:26:06', '$2y$10$Trf3e.mALRZL/8hgV7s0w.JoiPbJUYrsP0JnNzzu8Qs6Y58mAdrfK', 'admin', 'PfN1YrhlaLUR5sn15AOdDAWtSCirxV7mNMKyzE3Ix1wmC6jgzakv7GDWfh5Z', '2021-02-14 15:57:00', '2021-06-10 09:28:19', '[15, 14, 10, 21]'),
(4, 'newuser', 'newuser@mail.ru', NULL, '$2y$10$oz98M7A4Ke9PYWDwIuAkbOER9He.e8U81Ksw82hM8emYbenec9M5i', 'user', NULL, '2021-05-24 10:37:57', '2021-05-24 10:37:57', NULL),
(5, 'andrjuxa971', 'fastumgel88@mail.ru', NULL, '$2y$10$jA1PJ8RQUP1d2QwXQB20D.dhTu4JeYov7BPSanAGGyvgYEKbLmWsW', 'user', NULL, '2021-05-24 10:50:16', '2021-05-24 10:50:16', NULL),
(6, 'Андрей', 'rest@mail.com', NULL, '$2y$10$SXISCbExUUg5ir.AOHo2WOQfSqAUJkjnmYAcVXEmkefgc71p6ofOS', 'user', NULL, '2021-05-24 10:51:04', '2021-05-24 10:51:04', NULL),
(7, 'funfik93', 'andrsruxa97@mail.ru', '2021-06-09 08:50:12', '$2y$10$5I3X6yVi8LBYSpBfF08gWO6E3HBMNQSG6HTOBBWR2DE72CnHK8a76', 'user', 'i0RDs2DtMJmdz0ARncr8zzd70xWtSBm0d1TtTo8gElgehsEuQWc1OsODjMoI', '2021-05-24 10:51:30', '2021-06-10 09:11:38', NULL);

-- --------------------------------------------------------

--
-- Структура таблицы `user_favorites`
--

CREATE TABLE `user_favorites` (
  `id` bigint(20) UNSIGNED NOT NULL,
  `user_id` bigint(20) UNSIGNED NOT NULL,
  `post_id` bigint(20) UNSIGNED NOT NULL,
  `created_at` timestamp NULL DEFAULT NULL,
  `updated_at` timestamp NULL DEFAULT NULL
) ENGINE=InnoDB DEFAULT CHARSET=utf8mb4 COLLATE=utf8mb4_unicode_ci;

--
-- Дамп данных таблицы `user_favorites`
--

INSERT INTO `user_favorites` (`id`, `user_id`, `post_id`, `created_at`, `updated_at`) VALUES
(42, 7, 355, '2021-06-10 09:09:16', '2021-06-10 09:09:16');

-- --------------------------------------------------------

--
-- Структура таблицы `user_histories`
--

CREATE TABLE `user_histories` (
  `id` bigint(20) UNSIGNED NOT NULL,
  `user_id` bigint(20) UNSIGNED NOT NULL,
  `post_id` bigint(20) UNSIGNED NOT NULL,
  `created_at` timestamp NULL DEFAULT NULL,
  `updated_at` timestamp NULL DEFAULT NULL
) ENGINE=InnoDB DEFAULT CHARSET=utf8mb4 COLLATE=utf8mb4_unicode_ci ROW_FORMAT=COMPACT;

--
-- Дамп данных таблицы `user_histories`
--

INSERT INTO `user_histories` (`id`, `user_id`, `post_id`, `created_at`, `updated_at`) VALUES
(68, 4, 548, '2021-05-24 10:49:11', '2021-05-24 10:49:11'),
(121, 7, 548, '2021-06-09 08:50:51', '2021-06-09 08:50:51'),
(124, 3, 548, '2021-06-10 07:04:45', '2021-06-10 07:04:45'),
(125, 7, 355, '2021-06-10 09:09:11', '2021-06-10 09:09:11');

-- --------------------------------------------------------

--
-- Структура таблицы `user_reading_news`
--

CREATE TABLE `user_reading_news` (
  `id` bigint(20) UNSIGNED NOT NULL,
  `user_id` bigint(20) UNSIGNED NOT NULL,
  `news_id` bigint(20) UNSIGNED NOT NULL,
  `created_at` timestamp NULL DEFAULT NULL,
  `updated_at` timestamp NULL DEFAULT NULL
) ENGINE=InnoDB DEFAULT CHARSET=utf8mb4 COLLATE=utf8mb4_unicode_ci;

--
-- Дамп данных таблицы `user_reading_news`
--

INSERT INTO `user_reading_news` (`id`, `user_id`, `news_id`, `created_at`, `updated_at`) VALUES
(5, 3, 4, '2021-05-24 07:22:57', '2021-05-24 07:22:57'),
(6, 3, 13, '2021-05-24 07:24:30', '2021-05-24 07:24:30'),
(16, 3, 12, '2021-05-24 11:22:35', '2021-05-24 11:22:35'),
(21, 7, 13, '2021-06-10 09:12:33', '2021-06-10 09:12:33'),
(23, 3, 21, '2021-06-10 09:28:20', '2021-06-10 09:28:20');

--
-- Индексы сохранённых таблиц
--

--
-- Индексы таблицы `failed_jobs`
--
ALTER TABLE `failed_jobs`
  ADD PRIMARY KEY (`id`);

--
-- Индексы таблицы `migrations`
--
ALTER TABLE `migrations`
  ADD PRIMARY KEY (`id`);

--
-- Индексы таблицы `museum_categories`
--
ALTER TABLE `museum_categories`
  ADD PRIMARY KEY (`id`),
  ADD UNIQUE KEY `museum_categories_slug_unique` (`slug`),
  ADD UNIQUE KEY `title` (`title`);

--
-- Индексы таблицы `museum_images`
--
ALTER TABLE `museum_images`
  ADD PRIMARY KEY (`id`),
  ADD KEY `museum_images_post_id_foreign` (`post_id`);

--
-- Индексы таблицы `museum_news`
--
ALTER TABLE `museum_news`
  ADD PRIMARY KEY (`id`),
  ADD KEY `museum_news_user_id_foreign` (`user_id`);

--
-- Индексы таблицы `museum_news_comments`
--
ALTER TABLE `museum_news_comments`
  ADD PRIMARY KEY (`id`),
  ADD KEY `museum_news_comment_news_info_id_foreign` (`news_info_id`);

--
-- Индексы таблицы `museum_news_infos`
--
ALTER TABLE `museum_news_infos`
  ADD PRIMARY KEY (`id`),
  ADD KEY `museum_news_info_news_id_foreign` (`news_id`);

--
-- Индексы таблицы `museum_posts`
--
ALTER TABLE `museum_posts`
  ADD PRIMARY KEY (`id`),
  ADD KEY `museum_posts_category_id_foreign` (`category_id`),
  ADD KEY `museum_posts_is_published_index` (`is_published`),
  ADD KEY `museum_posts_user_id_foreign` (`user_id`);

--
-- Индексы таблицы `password_resets`
--
ALTER TABLE `password_resets`
  ADD KEY `password_resets_email_index` (`email`);

--
-- Индексы таблицы `users`
--
ALTER TABLE `users`
  ADD PRIMARY KEY (`id`),
  ADD UNIQUE KEY `users_email_unique` (`email`),
  ADD UNIQUE KEY `name` (`name`);

--
-- Индексы таблицы `user_favorites`
--
ALTER TABLE `user_favorites`
  ADD PRIMARY KEY (`id`),
  ADD KEY `user_favorites_user_id_foreign` (`user_id`);

--
-- Индексы таблицы `user_histories`
--
ALTER TABLE `user_histories`
  ADD PRIMARY KEY (`id`),
  ADD KEY `user_history_user_id_foreign` (`user_id`);

--
-- Индексы таблицы `user_reading_news`
--
ALTER TABLE `user_reading_news`
  ADD PRIMARY KEY (`id`),
  ADD KEY `user_reading_news_user_id_foreign` (`user_id`);

--
-- AUTO_INCREMENT для сохранённых таблиц
--

--
-- AUTO_INCREMENT для таблицы `failed_jobs`
--
ALTER TABLE `failed_jobs`
  MODIFY `id` bigint(20) UNSIGNED NOT NULL AUTO_INCREMENT;

--
-- AUTO_INCREMENT для таблицы `migrations`
--
ALTER TABLE `migrations`
  MODIFY `id` int(10) UNSIGNED NOT NULL AUTO_INCREMENT, AUTO_INCREMENT=171;

--
-- AUTO_INCREMENT для таблицы `museum_categories`
--
ALTER TABLE `museum_categories`
  MODIFY `id` int(10) UNSIGNED NOT NULL AUTO_INCREMENT, AUTO_INCREMENT=26;

--
-- AUTO_INCREMENT для таблицы `museum_images`
--
ALTER TABLE `museum_images`
  MODIFY `id` bigint(20) UNSIGNED NOT NULL AUTO_INCREMENT, AUTO_INCREMENT=105;

--
-- AUTO_INCREMENT для таблицы `museum_news`
--
ALTER TABLE `museum_news`
  MODIFY `id` bigint(20) UNSIGNED NOT NULL AUTO_INCREMENT, AUTO_INCREMENT=22;

--
-- AUTO_INCREMENT для таблицы `museum_news_comments`
--
ALTER TABLE `museum_news_comments`
  MODIFY `id` bigint(20) UNSIGNED NOT NULL AUTO_INCREMENT, AUTO_INCREMENT=27;

--
-- AUTO_INCREMENT для таблицы `museum_news_infos`
--
ALTER TABLE `museum_news_infos`
  MODIFY `id` bigint(20) UNSIGNED NOT NULL AUTO_INCREMENT, AUTO_INCREMENT=7;

--
-- AUTO_INCREMENT для таблицы `museum_posts`
--
ALTER TABLE `museum_posts`
  MODIFY `id` bigint(20) UNSIGNED NOT NULL AUTO_INCREMENT, AUTO_INCREMENT=698;

--
-- AUTO_INCREMENT для таблицы `users`
--
ALTER TABLE `users`
  MODIFY `id` bigint(20) UNSIGNED NOT NULL AUTO_INCREMENT, AUTO_INCREMENT=8;

--
-- AUTO_INCREMENT для таблицы `user_favorites`
--
ALTER TABLE `user_favorites`
  MODIFY `id` bigint(20) UNSIGNED NOT NULL AUTO_INCREMENT, AUTO_INCREMENT=43;

--
-- AUTO_INCREMENT для таблицы `user_histories`
--
ALTER TABLE `user_histories`
  MODIFY `id` bigint(20) UNSIGNED NOT NULL AUTO_INCREMENT, AUTO_INCREMENT=126;

--
-- AUTO_INCREMENT для таблицы `user_reading_news`
--
ALTER TABLE `user_reading_news`
  MODIFY `id` bigint(20) UNSIGNED NOT NULL AUTO_INCREMENT, AUTO_INCREMENT=24;

--
-- Ограничения внешнего ключа сохраненных таблиц
--

--
-- Ограничения внешнего ключа таблицы `museum_images`
--
ALTER TABLE `museum_images`
  ADD CONSTRAINT `museum_images_post_id_foreign` FOREIGN KEY (`post_id`) REFERENCES `museum_posts` (`id`) ON DELETE CASCADE ON UPDATE RESTRICT;

--
-- Ограничения внешнего ключа таблицы `museum_news`
--
ALTER TABLE `museum_news`
  ADD CONSTRAINT `museum_news_user_id_foreign` FOREIGN KEY (`user_id`) REFERENCES `users` (`id`) ON UPDATE CASCADE;

--
-- Ограничения внешнего ключа таблицы `museum_news_comments`
--
ALTER TABLE `museum_news_comments`
  ADD CONSTRAINT `museum_news_comment_news_info_id_foreign` FOREIGN KEY (`news_info_id`) REFERENCES `museum_news_infos` (`id`) ON DELETE CASCADE ON UPDATE CASCADE;

--
-- Ограничения внешнего ключа таблицы `museum_news_infos`
--
ALTER TABLE `museum_news_infos`
  ADD CONSTRAINT `museum_news_info_news_id_foreign` FOREIGN KEY (`news_id`) REFERENCES `museum_news` (`id`) ON DELETE CASCADE ON UPDATE CASCADE;

--
-- Ограничения внешнего ключа таблицы `museum_posts`
--
ALTER TABLE `museum_posts`
  ADD CONSTRAINT `museum_posts_category_id_foreign` FOREIGN KEY (`category_id`) REFERENCES `museum_categories` (`id`) ON DELETE CASCADE ON UPDATE CASCADE,
  ADD CONSTRAINT `museum_posts_user_id_foreign` FOREIGN KEY (`user_id`) REFERENCES `users` (`id`) ON DELETE CASCADE ON UPDATE CASCADE;

--
-- Ограничения внешнего ключа таблицы `user_favorites`
--
ALTER TABLE `user_favorites`
  ADD CONSTRAINT `user_favorites_user_id_foreign` FOREIGN KEY (`user_id`) REFERENCES `users` (`id`) ON DELETE CASCADE ON UPDATE CASCADE;

--
-- Ограничения внешнего ключа таблицы `user_histories`
--
ALTER TABLE `user_histories`
  ADD CONSTRAINT `user_history_user_id_foreign` FOREIGN KEY (`user_id`) REFERENCES `users` (`id`) ON DELETE CASCADE ON UPDATE CASCADE;

--
-- Ограничения внешнего ключа таблицы `user_reading_news`
--
ALTER TABLE `user_reading_news`
  ADD CONSTRAINT `user_reading_news_user_id_foreign` FOREIGN KEY (`user_id`) REFERENCES `users` (`id`) ON DELETE CASCADE ON UPDATE CASCADE;
COMMIT;

/*!40101 SET CHARACTER_SET_CLIENT=@OLD_CHARACTER_SET_CLIENT */;
/*!40101 SET CHARACTER_SET_RESULTS=@OLD_CHARACTER_SET_RESULTS */;
/*!40101 SET COLLATION_CONNECTION=@OLD_COLLATION_CONNECTION */;
